"1","3375","Designer","2017-1-20 00:00:00","2017-2-27","2017-4-27","6"
"1","337","Cleaner","2017-1-20 00:00:00","2017-2-27","2017-8-27","5"
"1","2056","Cleaner","2017-1-20 00:00:00","2017-2-27","2017-9-27","8"
"1","3373","Cleaner","2017-3-20 00:00:00","2017-2-27","2017-6-27","1"
"1","4503","Designer","2017-1-20 00:00:00","2017-2-27","2017-12-27","3"
"1","414","Cleaner","2017-1-20 00:00:00","2017-2-27","2017-4-27","3"
"1","1245","Designer","2017-1-20 00:00:00","2017-2-27","2017-6-27","3"
"2","1522","Electrician","2017-1-19 00:00:00","2017-2-12","2017-4-12","9"
"2","3016","Designer","2017-3-19 00:00:00","2017-2-12","2017-10-12","4"
"2","4583","Marketing","2017-1-19 00:00:00","2017-2-12","2017-4-12","9"
"2","721","Designer","2017-1-19 00:00:00","2017-2-12","2017-8-12","8"
"2","4909","Designer","2017-3-19 00:00:00","2017-2-12","2017-6-12","2"
"3","4608","Cleaner","2017-3-8 00:00:00","2017-2-4","2017-4-4","6"
"3","1334","Electrician","2017-3-8 00:00:00","2017-2-4","2017-4-4","4"
"3","968","Marketing","2017-1-8 00:00:00","2017-2-4","2017-4-4","9"
"3","527","Designer","2017-1-8 00:00:00","2017-2-4","2017-6-4","7"
"3","476","Programer","2017-1-8 00:00:00","2017-2-4","2017-7-4","6"
"3","3345","Programer","2017-3-8 00:00:00","2017-2-4","2017-9-4","3"
"3","269","Electrician","2017-1-8 00:00:00","2017-2-4","2017-12-4","4"
"4","4331","Programer","2017-1-20 00:00:00","2017-2-27","2017-8-27","4"
"4","2601","Designer","2017-1-20 00:00:00","2017-2-27","2017-11-27","10"
"4","4980","Cleaner","2017-1-20 00:00:00","2017-2-27","2017-8-27","9"
"4","3405","Marketing","2017-1-20 00:00:00","2017-2-27","2017-9-27","8"
"4","492","Programer","2017-3-20 00:00:00","2017-2-27","2017-9-27","6"
"4","4016","Programer","2017-1-20 00:00:00","2017-2-27","2017-8-27","2"
"4","1988","Programer","2017-1-20 00:00:00","2017-2-27","2017-7-27","6"
"4","121","Cleaner","2017-1-20 00:00:00","2017-2-27","2017-5-27","10"
"4","1558","Marketing","2017-3-20 00:00:00","2017-2-27","2017-4-27","3"
"4","1880","Cleaner","2017-1-20 00:00:00","2017-2-27","2017-5-27","1"
"5","330","Electrician","2017-1-8 00:00:00","2017-2-26","2017-5-26","8"
"5","2746","Marketing","2017-1-8 00:00:00","2017-2-26","2017-12-26","2"
"5","4957","Electrician","2017-1-8 00:00:00","2017-2-26","2017-5-26","5"
"5","3398","Programer","2017-1-8 00:00:00","2017-2-26","2017-4-26","10"
"5","367","Programer","2017-3-8 00:00:00","2017-2-26","2017-4-26","7"
"5","2893","Cleaner","2017-1-8 00:00:00","2017-2-26","2017-12-26","2"
"5","900","Cleaner","2017-1-8 00:00:00","2017-2-26","2017-10-26","3"
"5","2839","Marketing","2017-1-8 00:00:00","2017-2-26","2017-6-26","7"
"5","1682","Programer","2017-1-8 00:00:00","2017-2-26","2017-5-26","2"
"5","1710","Programer","2017-1-8 00:00:00","2017-2-26","2017-11-26","5"
"6","1883","Cleaner","2017-1-1 00:00:00","2017-2-17","2017-9-17","4"
"6","4950","Designer","2017-1-1 00:00:00","2017-2-17","2017-12-17","1"
"6","2411","Marketing","2017-1-1 00:00:00","2017-2-17","2017-12-17","10"
"6","3984","Designer","2017-3-1 00:00:00","2017-2-17","2017-9-17","1"
"6","1896","Marketing","2017-1-1 00:00:00","2017-2-17","2017-4-17","4"
"6","3920","Programer","2017-1-1 00:00:00","2017-2-17","2017-12-17","6"
"7","667","Programer","2017-3-24 00:00:00","2017-1-19","2017-4-19","2"
"7","626","Electrician","2017-3-24 00:00:00","2017-1-19","2017-4-19","1"
"7","936","Programer","2017-2-24 00:00:00","2017-1-19","2017-4-19","2"
"8","2084","Designer","2017-1-5 00:00:00","2017-2-8","2017-4-8","10"
"8","3899","Marketing","2017-1-5 00:00:00","2017-2-8","2017-4-8","5"
"8","2094","Designer","2017-1-5 00:00:00","2017-2-8","2017-11-8","2"
"8","2530","Electrician","2017-1-5 00:00:00","2017-2-8","2017-4-8","6"
"8","2273","Cleaner","2017-3-5 00:00:00","2017-2-8","2017-5-8","6"
"9","4029","Electrician","2017-1-5 00:00:00","2017-2-3","2017-9-3","10"
"9","1971","Cleaner","2017-1-5 00:00:00","2017-2-3","2017-4-3","8"
"9","1649","Programer","2017-3-5 00:00:00","2017-2-3","2017-6-3","6"
"9","1496","Marketing","2017-1-5 00:00:00","2017-2-3","2017-10-3","3"
"9","1618","Designer","2017-1-5 00:00:00","2017-2-3","2017-9-3","10"
"9","1122","Designer","2017-3-5 00:00:00","2017-2-3","2017-4-3","5"
"9","4692","Cleaner","2017-3-5 00:00:00","2017-2-3","2017-4-3","5"
"9","4009","Programer","2017-3-5 00:00:00","2017-2-3","2017-8-3","1"
"9","1393","Programer","2017-1-5 00:00:00","2017-2-3","2017-4-3","9"
"10","4941","Programer","2017-1-16 00:00:00","2017-2-7","2017-7-7","1"
"10","1260","Electrician","2017-3-16 00:00:00","2017-2-7","2017-9-7","7"
"10","633","Marketing","2017-3-16 00:00:00","2017-2-7","2017-11-7","10"
"10","3889","Marketing","2017-1-16 00:00:00","2017-2-7","2017-4-7","10"
"10","3179","Cleaner","2017-1-16 00:00:00","2017-2-7","2017-9-7","2"
"11","2209","Cleaner","2017-1-27 00:00:00","2017-2-26","2017-6-26","8"
"11","1792","Electrician","2017-1-27 00:00:00","2017-2-26","2017-11-26","6"
"11","3883","Marketing","2017-3-27 00:00:00","2017-2-26","2017-4-26","4"
"11","2329","Designer","2017-1-27 00:00:00","2017-2-26","2017-4-26","2"
"12","4129","Designer","2017-1-16 00:00:00","2017-2-22","2017-11-22","10"
"12","1697","Programer","2017-3-16 00:00:00","2017-2-22","2017-7-22","10"
"12","415","Designer","2017-1-16 00:00:00","2017-2-22","2017-4-22","10"
"12","1186","Marketing","2017-1-16 00:00:00","2017-2-22","2017-7-22","3"
"12","1598","Programer","2017-1-16 00:00:00","2017-2-22","2017-8-22","6"
"12","2986","Electrician","2017-1-16 00:00:00","2017-2-22","2017-4-22","6"
"12","2434","Cleaner","2017-3-16 00:00:00","2017-2-22","2017-6-22","5"
"12","183","Electrician","2017-1-16 00:00:00","2017-2-22","2017-4-22","9"
"12","139","Cleaner","2017-1-16 00:00:00","2017-2-22","2017-6-22","8"
"12","2379","Electrician","2017-1-16 00:00:00","2017-2-22","2017-8-22","5"
"13","2625","Cleaner","2017-1-16 00:00:00","2017-2-19","2017-11-19","1"
"13","4546","Cleaner","2017-1-16 00:00:00","2017-2-19","2017-5-19","6"
"13","411","Electrician","2017-1-16 00:00:00","2017-2-19","2017-12-19","4"
"13","2028","Programer","2017-1-16 00:00:00","2017-2-19","2017-10-19","5"
"13","2172","Marketing","2017-1-16 00:00:00","2017-2-19","2017-11-19","4"
"13","1788","Electrician","2017-1-16 00:00:00","2017-2-19","2017-10-19","6"
"13","4582","Programer","2017-3-16 00:00:00","2017-2-19","2017-11-19","4"
"13","1071","Designer","2017-3-16 00:00:00","2017-2-19","2017-7-19","9"
"13","210","Marketing","2017-3-16 00:00:00","2017-2-19","2017-4-19","9"
"14","2271","Electrician","2017-1-2 00:00:00","2017-2-24","2017-4-24","4"
"15","2080","Cleaner","2017-1-16 00:00:00","2017-2-27","2017-4-27","10"
"15","709","Cleaner","2017-1-16 00:00:00","2017-2-27","2017-10-27","3"
"15","1604","Marketing","2017-1-16 00:00:00","2017-2-27","2017-12-27","9"
"15","4317","Marketing","2017-1-16 00:00:00","2017-2-27","2017-9-27","5"
"15","4176","Programer","2017-1-16 00:00:00","2017-2-27","2017-4-27","5"
"15","757","Cleaner","2017-1-16 00:00:00","2017-2-27","2017-11-27","8"
"15","513","Electrician","2017-1-16 00:00:00","2017-2-27","2017-12-27","8"
"15","4663","Marketing","2017-3-16 00:00:00","2017-2-27","2017-6-27","2"
"16","1026","Electrician","2017-1-11 00:00:00","2017-2-11","2017-5-11","10"
"16","1030","Designer","2017-1-11 00:00:00","2017-2-11","2017-4-11","9"
"16","638","Designer","2017-1-11 00:00:00","2017-2-11","2017-9-11","5"
"16","354","Designer","2017-1-11 00:00:00","2017-2-11","2017-9-11","3"
"16","1897","Designer","2017-3-11 00:00:00","2017-2-11","2017-4-11","1"
"16","509","Cleaner","2017-3-11 00:00:00","2017-2-11","2017-4-11","6"
"16","4855","Programer","2017-1-11 00:00:00","2017-2-11","2017-10-11","2"
"17","3467","Marketing","2017-1-3 00:00:00","2017-2-14","2017-8-14","2"
"17","517","Designer","2017-3-3 00:00:00","2017-2-14","2017-4-14","8"
"17","4250","Designer","2017-1-3 00:00:00","2017-2-14","2017-6-14","3"
"17","1039","Electrician","2017-3-3 00:00:00","2017-2-14","2017-4-14","1"
"17","1099","Designer","2017-3-3 00:00:00","2017-2-14","2017-4-14","9"
"17","3300","Marketing","2017-3-3 00:00:00","2017-2-14","2017-4-14","8"
"17","2989","Cleaner","2017-1-3 00:00:00","2017-2-14","2017-11-14","9"
"17","1640","Designer","2017-1-3 00:00:00","2017-2-14","2017-4-14","3"
"17","1958","Cleaner","2017-1-3 00:00:00","2017-2-14","2017-6-14","3"
"17","3081","Programer","2017-3-3 00:00:00","2017-2-14","2017-4-14","1"
"18","1326","Electrician","2017-3-14 00:00:00","2017-1-9","2017-9-9","7"
"18","3967","Designer","2017-1-14 00:00:00","2017-2-9","2017-4-9","9"
"18","4574","Cleaner","2017-3-14 00:00:00","2017-2-9","2017-11-9","6"
"18","1238","Cleaner","2017-1-14 00:00:00","2017-2-9","2017-4-9","1"
"18","2690","Marketing","2017-1-14 00:00:00","2017-2-9","2017-11-9","7"
"19","3975","Designer","2017-1-7 00:00:00","2017-2-20","2017-10-20","6"
"19","3988","Electrician","2017-1-7 00:00:00","2017-2-20","2017-8-20","10"
"19","4406","Programer","2017-3-7 00:00:00","2017-2-20","2017-8-20","6"
"19","2001","Cleaner","2017-3-7 00:00:00","2017-2-20","2017-4-20","8"
"19","1016","Designer","2017-1-7 00:00:00","2017-2-20","2017-6-20","3"
"19","3470","Programer","2017-1-7 00:00:00","2017-2-20","2017-7-20","10"
"20","3572","Electrician","2017-1-12 00:00:00","2017-2-28","2017-4-28","6"
"20","1349","Marketing","2017-3-12 00:00:00","2017-2-28","2017-4-28","2"
"20","4124","Cleaner","2017-3-12 00:00:00","2017-2-28","2017-9-28","9"
"20","4412","Programer","2017-3-12 00:00:00","2017-2-28","2017-4-28","6"
"20","4226","Cleaner","2017-1-12 00:00:00","2017-2-28","2017-4-28","6"
"20","2349","Electrician","2017-3-12 00:00:00","2017-2-28","2017-8-28","2"
"20","3054","Programer","2017-3-12 00:00:00","2017-2-28","2017-6-28","7"
"20","917","Programer","2017-1-12 00:00:00","2017-2-28","2017-7-28","10"
"21","279","Designer","2017-1-9 00:00:00","2017-2-3","2017-6-3","4"
"21","743","Cleaner","2017-1-9 00:00:00","2017-2-3","2017-12-3","5"
"21","759","Programer","2017-1-9 00:00:00","2017-2-3","2017-5-3","1"
"21","1638","Designer","2017-1-9 00:00:00","2017-2-3","2017-4-3","2"
"21","999","Programer","2017-1-9 00:00:00","2017-2-3","2017-4-3","10"
"21","1612","Cleaner","2017-3-9 00:00:00","2017-2-3","2017-4-3","5"
"21","4878","Programer","2017-1-9 00:00:00","2017-2-3","2017-10-3","1"
"22","4266","Programer","2017-1-15 00:00:00","2017-2-15","2017-8-15","3"
"22","3736","Designer","2017-1-15 00:00:00","2017-2-15","2017-10-15","10"
"22","332","Cleaner","2017-3-15 00:00:00","2017-2-15","2017-4-15","8"
"23","955","Electrician","2017-1-10 00:00:00","2017-2-27","2017-6-27","2"
"23","2894","Marketing","2017-1-10 00:00:00","2017-2-27","2017-4-27","2"
"23","1503","Electrician","2017-1-10 00:00:00","2017-2-27","2017-4-27","8"
"23","2803","Marketing","2017-1-10 00:00:00","2017-2-27","2017-4-27","10"
"24","689","Electrician","2017-1-7 00:00:00","2017-2-3","2017-10-3","7"
"24","35","Electrician","2017-1-7 00:00:00","2017-2-3","2017-5-3","7"
"24","3605","Marketing","2017-1-7 00:00:00","2017-2-3","2017-8-3","2"
"24","2260","Programer","2017-1-7 00:00:00","2017-2-3","2017-4-3","5"
"24","3270","Designer","2017-1-7 00:00:00","2017-2-3","2017-12-3","8"
"24","670","Marketing","2017-1-7 00:00:00","2017-2-3","2017-12-3","6"
"24","4866","Marketing","2017-3-7 00:00:00","2017-2-3","2017-5-3","7"
"24","569","Electrician","2017-1-7 00:00:00","2017-2-3","2017-8-3","4"
"25","3768","Cleaner","2017-1-22 00:00:00","2017-2-10","2017-7-10","2"
"25","1284","Programer","2017-1-22 00:00:00","2017-2-10","2017-8-10","4"
"25","1036","Designer","2017-1-22 00:00:00","2017-2-10","2017-4-10","7"
"25","4541","Electrician","2017-1-22 00:00:00","2017-2-10","2017-12-10","10"
"25","613","Programer","2017-3-22 00:00:00","2017-2-10","2017-4-10","1"
"25","103","Marketing","2017-1-22 00:00:00","2017-2-10","2017-4-10","1"
"25","3140","Cleaner","2017-1-22 00:00:00","2017-2-10","2017-10-10","9"
"25","2680","Electrician","2017-1-22 00:00:00","2017-2-10","2017-10-10","10"
"25","2127","Electrician","2017-1-22 00:00:00","2017-2-10","2017-4-10","3"
"26","4686","Programer","2017-1-18 00:00:00","2017-2-18","2017-4-18","4"
"26","1437","Electrician","2017-1-18 00:00:00","2017-2-18","2017-6-18","10"
"26","1362","Marketing","2017-3-18 00:00:00","2017-2-18","2017-4-18","5"
"27","26","Programer","2017-1-22 00:00:00","2017-2-28","2017-4-28","9"
"27","4736","Programer","2017-3-22 00:00:00","2017-2-28","2017-5-28","9"
"27","3242","Designer","2017-3-22 00:00:00","2017-2-28","2017-6-28","5"
"27","4723","Marketing","2017-1-22 00:00:00","2017-2-28","2017-4-28","6"
"28","4819","Marketing","2017-1-25 00:00:00","2017-2-3","2017-12-3","9"
"28","3569","Electrician","2017-1-25 00:00:00","2017-2-3","2017-10-3","8"
"28","4170","Marketing","2017-1-25 00:00:00","2017-2-3","2017-7-3","9"
"28","150","Designer","2017-3-25 00:00:00","2017-2-3","2017-4-3","9"
"28","767","Programer","2017-1-25 00:00:00","2017-2-3","2017-7-3","5"
"28","2213","Cleaner","2017-3-25 00:00:00","2017-2-3","2017-4-3","10"
"29","4107","Electrician","2017-1-7 00:00:00","2017-2-26","2017-12-26","4"
"29","2534","Cleaner","2017-3-7 00:00:00","2017-2-26","2017-5-26","4"
"29","3774","Cleaner","2017-1-7 00:00:00","2017-2-26","2017-12-26","5"
"29","2001","Programer","2017-1-7 00:00:00","2017-2-26","2017-11-26","8"
"29","1624","Programer","2017-1-7 00:00:00","2017-2-26","2017-8-26","1"
"29","3353","Programer","2017-1-7 00:00:00","2017-2-26","2017-7-26","9"
"30","2346","Marketing","2017-1-27 00:00:00","2017-2-21","2017-7-21","4"
"30","1921","Designer","2017-3-27 00:00:00","2017-2-21","2017-5-21","10"
"30","4984","Programer","2017-1-27 00:00:00","2017-2-21","2017-11-21","3"
"30","3489","Cleaner","2017-1-27 00:00:00","2017-2-21","2017-7-21","7"
"30","4016","Programer","2017-1-27 00:00:00","2017-2-21","2017-8-21","2"
"31","3036","Cleaner","2017-1-3 00:00:00","2017-2-9","2017-6-9","2"
"31","2477","Designer","2017-3-3 00:00:00","2017-2-9","2017-12-9","10"
"31","3881","Designer","2017-1-3 00:00:00","2017-2-9","2017-4-9","7"
"31","1873","Cleaner","2017-1-3 00:00:00","2017-2-9","2017-4-9","5"
"31","259","Cleaner","2017-1-3 00:00:00","2017-2-9","2017-11-9","10"
"31","4381","Programer","2017-3-3 00:00:00","2017-2-9","2017-10-9","7"
"31","997","Marketing","2017-1-3 00:00:00","2017-2-9","2017-4-9","6"
"31","4149","Cleaner","2017-1-3 00:00:00","2017-2-9","2017-4-9","7"
"31","3201","Electrician","2017-3-3 00:00:00","2017-2-9","2017-12-9","1"
"31","3449","Cleaner","2017-1-3 00:00:00","2017-2-9","2017-7-9","4"
"32","1890","Designer","2017-1-27 00:00:00","2017-2-20","2017-11-20","7"
"32","2533","Designer","2017-3-27 00:00:00","2017-2-20","2017-4-20","10"
"33","1277","Cleaner","2017-1-1 00:00:00","2017-2-26","2017-11-26","2"
"33","2736","Electrician","2017-3-1 00:00:00","2017-2-26","2017-12-26","6"
"33","1564","Marketing","2017-1-1 00:00:00","2017-2-26","2017-8-26","4"
"33","1619","Programer","2017-1-1 00:00:00","2017-2-26","2017-8-26","7"
"33","4874","Programer","2017-1-1 00:00:00","2017-2-26","2017-8-26","7"
"34","1607","Marketing","2017-1-27 00:00:00","2017-2-22","2017-12-22","3"
"34","1342","Cleaner","2017-3-27 00:00:00","2017-2-22","2017-4-22","5"
"34","1728","Marketing","2017-1-27 00:00:00","2017-2-22","2017-8-22","10"
"34","3591","Marketing","2017-1-27 00:00:00","2017-2-22","2017-4-22","3"
"34","3287","Electrician","2017-1-27 00:00:00","2017-2-22","2017-5-22","1"
"34","3092","Programer","2017-1-27 00:00:00","2017-2-22","2017-4-22","1"
"34","418","Marketing","2017-1-27 00:00:00","2017-2-22","2017-7-22","8"
"35","1122","Electrician","2017-2-2 00:00:00","2017-1-27","2017-12-27","5"
"35","2123","Programer","2017-1-2 00:00:00","2017-2-27","2017-4-27","7"
"36","973","Designer","2017-1-17 00:00:00","2017-2-16","2017-4-16","7"
"36","4496","Electrician","2017-1-17 00:00:00","2017-2-16","2017-7-16","8"
"37","3880","Cleaner","2017-1-14 00:00:00","2017-2-1","2017-4-1","9"
"37","3268","Cleaner","2017-1-14 00:00:00","2017-2-1","2017-4-1","10"
"37","1237","Programer","2017-1-14 00:00:00","2017-2-1","2017-4-1","10"
"37","3468","Designer","2017-3-14 00:00:00","2017-2-1","2017-4-1","1"
"37","2784","Marketing","2017-3-14 00:00:00","2017-2-1","2017-8-1","10"
"37","2675","Designer","2017-3-14 00:00:00","2017-2-1","2017-11-1","9"
"37","1014","Electrician","2017-3-14 00:00:00","2017-2-1","2017-8-1","3"
"37","4220","Cleaner","2017-1-14 00:00:00","2017-2-1","2017-6-1","5"
"38","861","Programer","2017-1-4 00:00:00","2017-2-5","2017-8-5","5"
"38","378","Marketing","2017-1-4 00:00:00","2017-2-5","2017-9-5","10"
"38","2694","Designer","2017-1-4 00:00:00","2017-2-5","2017-4-5","5"
"38","4188","Programer","2017-1-4 00:00:00","2017-2-5","2017-8-5","2"
"39","2362","Marketing","2017-1-13 00:00:00","2017-2-13","2017-6-13","2"
"39","4319","Programer","2017-3-13 00:00:00","2017-2-13","2017-4-13","3"
"39","2155","Cleaner","2017-1-13 00:00:00","2017-2-13","2017-6-13","4"
"39","1651","Designer","2017-3-13 00:00:00","2017-2-13","2017-6-13","7"
"40","4631","Programer","2017-1-19 00:00:00","2017-2-1","2017-7-1","2"
"40","4302","Designer","2017-3-19 00:00:00","2017-2-1","2017-8-1","3"
"40","1787","Programer","2017-3-19 00:00:00","2017-2-1","2017-11-1","5"
"40","4096","Marketing","2017-3-19 00:00:00","2017-2-1","2017-5-1","8"
"40","4450","Programer","2017-1-19 00:00:00","2017-2-1","2017-8-1","8"
"40","2362","Designer","2017-3-19 00:00:00","2017-2-1","2017-12-1","2"
"40","1761","Designer","2017-1-19 00:00:00","2017-2-1","2017-9-1","10"
"40","4618","Cleaner","2017-1-19 00:00:00","2017-2-1","2017-6-1","10"
"40","673","Cleaner","2017-3-19 00:00:00","2017-2-1","2017-5-1","7"
"40","3072","Programer","2017-3-19 00:00:00","2017-2-1","2017-4-1","9"
"41","3769","Programer","2017-1-20 00:00:00","2017-2-25","2017-5-25","3"
"41","1273","Marketing","2017-3-20 00:00:00","2017-2-25","2017-8-25","5"
"41","2308","Marketing","2017-1-20 00:00:00","2017-2-25","2017-4-25","3"
"41","3713","Cleaner","2017-3-20 00:00:00","2017-2-25","2017-4-25","1"
"41","2325","Marketing","2017-3-20 00:00:00","2017-2-25","2017-4-25","7"
"41","3876","Electrician","2017-1-20 00:00:00","2017-2-25","2017-5-25","3"
"41","3976","Programer","2017-1-20 00:00:00","2017-2-25","2017-4-25","3"
"41","3529","Programer","2017-1-20 00:00:00","2017-2-25","2017-8-25","6"
"41","1640","Marketing","2017-1-20 00:00:00","2017-2-25","2017-12-25","3"
"41","3016","Marketing","2017-3-20 00:00:00","2017-2-25","2017-4-25","4"
"42","3397","Programer","2017-1-5 00:00:00","2017-2-10","2017-4-10","3"
"42","3888","Marketing","2017-1-5 00:00:00","2017-2-10","2017-9-10","1"
"42","3871","Cleaner","2017-3-5 00:00:00","2017-2-10","2017-4-10","10"
"42","1593","Electrician","2017-1-5 00:00:00","2017-2-10","2017-10-10","7"
"42","2849","Marketing","2017-1-5 00:00:00","2017-2-10","2017-8-10","3"
"42","909","Cleaner","2017-3-5 00:00:00","2017-2-10","2017-7-10","7"
"42","1392","Cleaner","2017-3-5 00:00:00","2017-2-10","2017-5-10","2"
"42","4872","Designer","2017-1-5 00:00:00","2017-2-10","2017-6-10","2"
"43","1837","Designer","2017-1-25 00:00:00","2017-2-19","2017-7-19","1"
"44","1386","Marketing","2017-1-1 00:00:00","2017-2-8","2017-12-8","9"
"44","2242","Designer","2017-1-1 00:00:00","2017-2-8","2017-4-8","1"
"45","3713","Programer","2017-1-2 00:00:00","2017-2-27","2017-5-27","1"
"45","2869","Electrician","2017-1-2 00:00:00","2017-2-27","2017-7-27","8"
"45","2792","Marketing","2017-1-2 00:00:00","2017-2-27","2017-11-27","4"
"45","1988","Cleaner","2017-3-2 00:00:00","2017-2-27","2017-8-27","6"
"45","4080","Programer","2017-1-2 00:00:00","2017-2-27","2017-4-27","3"
"45","3885","Cleaner","2017-3-2 00:00:00","2017-2-27","2017-4-27","8"
"45","4896","Marketing","2017-3-2 00:00:00","2017-2-27","2017-12-27","9"
"45","2905","Electrician","2017-1-2 00:00:00","2017-2-27","2017-12-27","3"
"45","2184","Marketing","2017-1-2 00:00:00","2017-2-27","2017-7-27","7"
"46","3551","Programer","2017-1-20 00:00:00","2017-2-2","2017-8-2","4"
"46","3162","Cleaner","2017-3-20 00:00:00","2017-2-2","2017-7-2","8"
"46","4945","Cleaner","2017-3-20 00:00:00","2017-2-2","2017-4-2","9"
"46","3008","Electrician","2017-1-20 00:00:00","2017-2-2","2017-4-2","2"
"46","2913","Electrician","2017-3-20 00:00:00","2017-2-2","2017-7-2","10"
"46","4062","Programer","2017-1-20 00:00:00","2017-2-2","2017-8-2","10"
"47","1404","Cleaner","2017-1-16 00:00:00","2017-2-13","2017-4-13","5"
"47","2186","Cleaner","2017-3-16 00:00:00","2017-2-13","2017-8-13","8"
"47","2252","Electrician","2017-3-16 00:00:00","2017-2-13","2017-12-13","1"
"48","2805","Marketing","2017-1-3 00:00:00","2017-2-28","2017-5-28","9"
"48","4631","Cleaner","2017-1-3 00:00:00","2017-2-28","2017-4-28","2"
"48","848","Cleaner","2017-3-3 00:00:00","2017-2-28","2017-4-28","2"
"49","4807","Marketing","2017-1-22 00:00:00","2017-2-17","2017-4-17","6"
"49","1954","Programer","2017-3-22 00:00:00","2017-2-17","2017-4-17","3"
"49","2792","Marketing","2017-3-22 00:00:00","2017-2-17","2017-4-17","4"
"49","3725","Electrician","2017-1-22 00:00:00","2017-2-17","2017-5-17","4"
"49","3569","Cleaner","2017-1-22 00:00:00","2017-2-17","2017-7-17","8"
"50","987","Marketing","2017-1-22 00:00:00","2017-2-18","2017-11-18","6"
"50","1046","Designer","2017-1-22 00:00:00","2017-2-18","2017-4-18","8"
"50","2710","Programer","2017-1-22 00:00:00","2017-2-18","2017-4-18","7"
"50","3438","Programer","2017-3-22 00:00:00","2017-2-18","2017-4-18","1"
"50","3742","Marketing","2017-3-22 00:00:00","2017-2-18","2017-5-18","9"
