"3","Project aaaaa","Lorem ipsum dolor sit amet, consectetuer adipiscing elit. Maecenas porttitor congue massa. Fusce posuere, magna sed pulvinar ultricies, purus lectus malesuada libero, sit amet commodo magna eros quis urna.Nunc viverra imperdiet enim. Fusce est. Vivamus a tellus.","1","4","1370","2000-4-7","2002-7-2"
"3","Project baaaa","Lorem ipsum dolor sit amet, consectetuer adipiscing elit. Maecenas porttitor congue massa. Fusce posuere, magna sed pulvinar ultricies, purus lectus malesuada libero, sit amet commodo magna eros quis urna.Nunc viverra imperdiet enim. Fusce est. Vivamus a tellus.","0","1","1003","2000-4-26","2007-7-9"
"3","Project caaaa","Lorem ipsum dolor sit amet, consectetuer adipiscing elit. Maecenas porttitor congue massa. Fusce posuere, magna sed pulvinar ultricies, purus lectus malesuada libero, sit amet commodo magna eros quis urna.Nunc viverra imperdiet enim. Fusce est. Vivamus a tellus.","1","2","2223","2000-8-4","2005-5-3"
"3","Project daaaa","Lorem ipsum dolor sit amet, consectetuer adipiscing elit. Maecenas porttitor congue massa. Fusce posuere, magna sed pulvinar ultricies, purus lectus malesuada libero, sit amet commodo magna eros quis urna.Nunc viverra imperdiet enim. Fusce est. Vivamus a tellus.","0","3","2889","2000-9-28","2015-8-5"
"3","Project eaaaa","Lorem ipsum dolor sit amet, consectetuer adipiscing elit. Maecenas porttitor congue massa. Fusce posuere, magna sed pulvinar ultricies, purus lectus malesuada libero, sit amet commodo magna eros quis urna.Nunc viverra imperdiet enim. Fusce est. Vivamus a tellus.","0","3","2418","2000-4-5","2018-7-11"
"3","Project faaaa","Lorem ipsum dolor sit amet, consectetuer adipiscing elit. Maecenas porttitor congue massa. Fusce posuere, magna sed pulvinar ultricies, purus lectus malesuada libero, sit amet commodo magna eros quis urna.Nunc viverra imperdiet enim. Fusce est. Vivamus a tellus.","0","4","1589","2000-4-1","2017-7-28"
"3","Project gaaaa","Lorem ipsum dolor sit amet, consectetuer adipiscing elit. Maecenas porttitor congue massa. Fusce posuere, magna sed pulvinar ultricies, purus lectus malesuada libero, sit amet commodo magna eros quis urna.Nunc viverra imperdiet enim. Fusce est. Vivamus a tellus.","0","2","1852","2000-4-12","2014-7-25"
"3","Project haaaa","Lorem ipsum dolor sit amet, consectetuer adipiscing elit. Maecenas porttitor congue massa. Fusce posuere, magna sed pulvinar ultricies, purus lectus malesuada libero, sit amet commodo magna eros quis urna.Nunc viverra imperdiet enim. Fusce est. Vivamus a tellus.","1","5","1101","2000-4-19","2018-7-17"
"3","Project iaaaa","Lorem ipsum dolor sit amet, consectetuer adipiscing elit. Maecenas porttitor congue massa. Fusce posuere, magna sed pulvinar ultricies, purus lectus malesuada libero, sit amet commodo magna eros quis urna.Nunc viverra imperdiet enim. Fusce est. Vivamus a tellus.","1","5","2485","2000-11-28","2001-5-4"
"3","Project jaaaa","Lorem ipsum dolor sit amet, consectetuer adipiscing elit. Maecenas porttitor congue massa. Fusce posuere, magna sed pulvinar ultricies, purus lectus malesuada libero, sit amet commodo magna eros quis urna.Nunc viverra imperdiet enim. Fusce est. Vivamus a tellus.","0","4","1820","2000-12-17","2013-9-22"
"3","Project kaaaa","Lorem ipsum dolor sit amet, consectetuer adipiscing elit. Maecenas porttitor congue massa. Fusce posuere, magna sed pulvinar ultricies, purus lectus malesuada libero, sit amet commodo magna eros quis urna.Nunc viverra imperdiet enim. Fusce est. Vivamus a tellus.","0","1","2259","2000-4-23","2002-7-21"
"3","Project laaaa","Lorem ipsum dolor sit amet, consectetuer adipiscing elit. Maecenas porttitor congue massa. Fusce posuere, magna sed pulvinar ultricies, purus lectus malesuada libero, sit amet commodo magna eros quis urna.Nunc viverra imperdiet enim. Fusce est. Vivamus a tellus.","0","5","1252","2000-4-11","2004-7-26"
"3","Project maaaa","Lorem ipsum dolor sit amet, consectetuer adipiscing elit. Maecenas porttitor congue massa. Fusce posuere, magna sed pulvinar ultricies, purus lectus malesuada libero, sit amet commodo magna eros quis urna.Nunc viverra imperdiet enim. Fusce est. Vivamus a tellus.","0","4","2999","2000-4-5","2016-7-25"
"3","Project naaaa","Lorem ipsum dolor sit amet, consectetuer adipiscing elit. Maecenas porttitor congue massa. Fusce posuere, magna sed pulvinar ultricies, purus lectus malesuada libero, sit amet commodo magna eros quis urna.Nunc viverra imperdiet enim. Fusce est. Vivamus a tellus.","0","3","1247","2000-4-18","2002-7-2"
"3","Project oaaaa","Lorem ipsum dolor sit amet, consectetuer adipiscing elit. Maecenas porttitor congue massa. Fusce posuere, magna sed pulvinar ultricies, purus lectus malesuada libero, sit amet commodo magna eros quis urna.Nunc viverra imperdiet enim. Fusce est. Vivamus a tellus.","1","1","1179","2000-12-19","2012-9-3"
"3","Project paaaa","Lorem ipsum dolor sit amet, consectetuer adipiscing elit. Maecenas porttitor congue massa. Fusce posuere, magna sed pulvinar ultricies, purus lectus malesuada libero, sit amet commodo magna eros quis urna.Nunc viverra imperdiet enim. Fusce est. Vivamus a tellus.","0","2","1055","2000-4-14","2008-7-15"
"3","Project qaaaa","Lorem ipsum dolor sit amet, consectetuer adipiscing elit. Maecenas porttitor congue massa. Fusce posuere, magna sed pulvinar ultricies, purus lectus malesuada libero, sit amet commodo magna eros quis urna.Nunc viverra imperdiet enim. Fusce est. Vivamus a tellus.","0","3","2160","2000-4-1","2003-7-9"
"3","Project raaaa","Lorem ipsum dolor sit amet, consectetuer adipiscing elit. Maecenas porttitor congue massa. Fusce posuere, magna sed pulvinar ultricies, purus lectus malesuada libero, sit amet commodo magna eros quis urna.Nunc viverra imperdiet enim. Fusce est. Vivamus a tellus.","1","5","1418","2000-4-18","2016-7-23"
"3","Project saaaa","Lorem ipsum dolor sit amet, consectetuer adipiscing elit. Maecenas porttitor congue massa. Fusce posuere, magna sed pulvinar ultricies, purus lectus malesuada libero, sit amet commodo magna eros quis urna.Nunc viverra imperdiet enim. Fusce est. Vivamus a tellus.","1","3","2634","2000-10-25","2011-8-21"
"3","Project taaaa","Lorem ipsum dolor sit amet, consectetuer adipiscing elit. Maecenas porttitor congue massa. Fusce posuere, magna sed pulvinar ultricies, purus lectus malesuada libero, sit amet commodo magna eros quis urna.Nunc viverra imperdiet enim. Fusce est. Vivamus a tellus.","1","4","2305","2000-4-9","2007-7-15"
"3","Project uaaaa","Lorem ipsum dolor sit amet, consectetuer adipiscing elit. Maecenas porttitor congue massa. Fusce posuere, magna sed pulvinar ultricies, purus lectus malesuada libero, sit amet commodo magna eros quis urna.Nunc viverra imperdiet enim. Fusce est. Vivamus a tellus.","1","2","1800","2000-4-4","2015-7-18"
"3","Project vaaaa","Lorem ipsum dolor sit amet, consectetuer adipiscing elit. Maecenas porttitor congue massa. Fusce posuere, magna sed pulvinar ultricies, purus lectus malesuada libero, sit amet commodo magna eros quis urna.Nunc viverra imperdiet enim. Fusce est. Vivamus a tellus.","1","2","1108","2000-4-11","2005-7-14"
"3","Project waaaa","Lorem ipsum dolor sit amet, consectetuer adipiscing elit. Maecenas porttitor congue massa. Fusce posuere, magna sed pulvinar ultricies, purus lectus malesuada libero, sit amet commodo magna eros quis urna.Nunc viverra imperdiet enim. Fusce est. Vivamus a tellus.","1","1","1460","2000-10-26","2004-2-19"
"3","Project xaaaa","Lorem ipsum dolor sit amet, consectetuer adipiscing elit. Maecenas porttitor congue massa. Fusce posuere, magna sed pulvinar ultricies, purus lectus malesuada libero, sit amet commodo magna eros quis urna.Nunc viverra imperdiet enim. Fusce est. Vivamus a tellus.","1","5","2932","2000-11-11","2006-5-20"
"3","Project yaaaa","Lorem ipsum dolor sit amet, consectetuer adipiscing elit. Maecenas porttitor congue massa. Fusce posuere, magna sed pulvinar ultricies, purus lectus malesuada libero, sit amet commodo magna eros quis urna.Nunc viverra imperdiet enim. Fusce est. Vivamus a tellus.","1","2","2154","2000-4-25","2015-7-1"
"3","Project zaaaa","Lorem ipsum dolor sit amet, consectetuer adipiscing elit. Maecenas porttitor congue massa. Fusce posuere, magna sed pulvinar ultricies, purus lectus malesuada libero, sit amet commodo magna eros quis urna.Nunc viverra imperdiet enim. Fusce est. Vivamus a tellus.","0","3","1579","2000-4-6","2017-7-25"
"3","Project abaaa","Lorem ipsum dolor sit amet, consectetuer adipiscing elit. Maecenas porttitor congue massa. Fusce posuere, magna sed pulvinar ultricies, purus lectus malesuada libero, sit amet commodo magna eros quis urna.Nunc viverra imperdiet enim. Fusce est. Vivamus a tellus.","1","2","2200","2000-8-26","2003-6-10"
"3","Project bbaaa","Lorem ipsum dolor sit amet, consectetuer adipiscing elit. Maecenas porttitor congue massa. Fusce posuere, magna sed pulvinar ultricies, purus lectus malesuada libero, sit amet commodo magna eros quis urna.Nunc viverra imperdiet enim. Fusce est. Vivamus a tellus.","0","2","2657","2000-11-15","2004-2-3"
"3","Project cbaaa","Lorem ipsum dolor sit amet, consectetuer adipiscing elit. Maecenas porttitor congue massa. Fusce posuere, magna sed pulvinar ultricies, purus lectus malesuada libero, sit amet commodo magna eros quis urna.Nunc viverra imperdiet enim. Fusce est. Vivamus a tellus.","0","3","1485","2000-4-14","2012-7-18"
"3","Project dbaaa","Lorem ipsum dolor sit amet, consectetuer adipiscing elit. Maecenas porttitor congue massa. Fusce posuere, magna sed pulvinar ultricies, purus lectus malesuada libero, sit amet commodo magna eros quis urna.Nunc viverra imperdiet enim. Fusce est. Vivamus a tellus.","1","4","2989","2000-6-4","2009-5-4"
"3","Project ebaaa","Lorem ipsum dolor sit amet, consectetuer adipiscing elit. Maecenas porttitor congue massa. Fusce posuere, magna sed pulvinar ultricies, purus lectus malesuada libero, sit amet commodo magna eros quis urna.Nunc viverra imperdiet enim. Fusce est. Vivamus a tellus.","1","5","1534","2000-11-22","2001-6-20"
"3","Project fbaaa","Lorem ipsum dolor sit amet, consectetuer adipiscing elit. Maecenas porttitor congue massa. Fusce posuere, magna sed pulvinar ultricies, purus lectus malesuada libero, sit amet commodo magna eros quis urna.Nunc viverra imperdiet enim. Fusce est. Vivamus a tellus.","1","1","1259","2000-4-20","2015-7-20"
"3","Project gbaaa","Lorem ipsum dolor sit amet, consectetuer adipiscing elit. Maecenas porttitor congue massa. Fusce posuere, magna sed pulvinar ultricies, purus lectus malesuada libero, sit amet commodo magna eros quis urna.Nunc viverra imperdiet enim. Fusce est. Vivamus a tellus.","1","4","2423","2000-5-11","2009-3-10"
"3","Project hbaaa","Lorem ipsum dolor sit amet, consectetuer adipiscing elit. Maecenas porttitor congue massa. Fusce posuere, magna sed pulvinar ultricies, purus lectus malesuada libero, sit amet commodo magna eros quis urna.Nunc viverra imperdiet enim. Fusce est. Vivamus a tellus.","1","2","1984","2000-12-10","2016-7-24"
"3","Project ibaaa","Lorem ipsum dolor sit amet, consectetuer adipiscing elit. Maecenas porttitor congue massa. Fusce posuere, magna sed pulvinar ultricies, purus lectus malesuada libero, sit amet commodo magna eros quis urna.Nunc viverra imperdiet enim. Fusce est. Vivamus a tellus.","0","5","1612","2000-4-12","2009-7-14"
"3","Project jbaaa","Lorem ipsum dolor sit amet, consectetuer adipiscing elit. Maecenas porttitor congue massa. Fusce posuere, magna sed pulvinar ultricies, purus lectus malesuada libero, sit amet commodo magna eros quis urna.Nunc viverra imperdiet enim. Fusce est. Vivamus a tellus.","1","5","1823","2000-3-28","2007-2-3"
"3","Project kbaaa","Lorem ipsum dolor sit amet, consectetuer adipiscing elit. Maecenas porttitor congue massa. Fusce posuere, magna sed pulvinar ultricies, purus lectus malesuada libero, sit amet commodo magna eros quis urna.Nunc viverra imperdiet enim. Fusce est. Vivamus a tellus.","1","1","2482","2000-12-1","2015-10-1"
"3","Project lbaaa","Lorem ipsum dolor sit amet, consectetuer adipiscing elit. Maecenas porttitor congue massa. Fusce posuere, magna sed pulvinar ultricies, purus lectus malesuada libero, sit amet commodo magna eros quis urna.Nunc viverra imperdiet enim. Fusce est. Vivamus a tellus.","0","1","1732","2000-6-7","2017-3-3"
"3","Project mbaaa","Lorem ipsum dolor sit amet, consectetuer adipiscing elit. Maecenas porttitor congue massa. Fusce posuere, magna sed pulvinar ultricies, purus lectus malesuada libero, sit amet commodo magna eros quis urna.Nunc viverra imperdiet enim. Fusce est. Vivamus a tellus.","0","1","2121","2000-4-6","2001-7-4"
"3","Project nbaaa","Lorem ipsum dolor sit amet, consectetuer adipiscing elit. Maecenas porttitor congue massa. Fusce posuere, magna sed pulvinar ultricies, purus lectus malesuada libero, sit amet commodo magna eros quis urna.Nunc viverra imperdiet enim. Fusce est. Vivamus a tellus.","0","4","2150","2000-3-11","2002-2-20"
"3","Project obaaa","Lorem ipsum dolor sit amet, consectetuer adipiscing elit. Maecenas porttitor congue massa. Fusce posuere, magna sed pulvinar ultricies, purus lectus malesuada libero, sit amet commodo magna eros quis urna.Nunc viverra imperdiet enim. Fusce est. Vivamus a tellus.","0","5","1744","2000-4-1","2006-7-6"
"3","Project pbaaa","Lorem ipsum dolor sit amet, consectetuer adipiscing elit. Maecenas porttitor congue massa. Fusce posuere, magna sed pulvinar ultricies, purus lectus malesuada libero, sit amet commodo magna eros quis urna.Nunc viverra imperdiet enim. Fusce est. Vivamus a tellus.","1","5","2302","2000-11-14","2003-5-15"
"3","Project qbaaa","Lorem ipsum dolor sit amet, consectetuer adipiscing elit. Maecenas porttitor congue massa. Fusce posuere, magna sed pulvinar ultricies, purus lectus malesuada libero, sit amet commodo magna eros quis urna.Nunc viverra imperdiet enim. Fusce est. Vivamus a tellus.","0","5","1765","2000-12-22","2018-3-16"
"3","Project rbaaa","Lorem ipsum dolor sit amet, consectetuer adipiscing elit. Maecenas porttitor congue massa. Fusce posuere, magna sed pulvinar ultricies, purus lectus malesuada libero, sit amet commodo magna eros quis urna.Nunc viverra imperdiet enim. Fusce est. Vivamus a tellus.","0","1","2542","2000-8-1","2013-1-17"
"3","Project sbaaa","Lorem ipsum dolor sit amet, consectetuer adipiscing elit. Maecenas porttitor congue massa. Fusce posuere, magna sed pulvinar ultricies, purus lectus malesuada libero, sit amet commodo magna eros quis urna.Nunc viverra imperdiet enim. Fusce est. Vivamus a tellus.","1","3","1311","2000-4-14","2005-7-11"
"3","Project tbaaa","Lorem ipsum dolor sit amet, consectetuer adipiscing elit. Maecenas porttitor congue massa. Fusce posuere, magna sed pulvinar ultricies, purus lectus malesuada libero, sit amet commodo magna eros quis urna.Nunc viverra imperdiet enim. Fusce est. Vivamus a tellus.","1","4","2787","2000-7-25","2015-1-19"
"3","Project ubaaa","Lorem ipsum dolor sit amet, consectetuer adipiscing elit. Maecenas porttitor congue massa. Fusce posuere, magna sed pulvinar ultricies, purus lectus malesuada libero, sit amet commodo magna eros quis urna.Nunc viverra imperdiet enim. Fusce est. Vivamus a tellus.","1","1","2920","2000-11-23","2008-3-2"
"3","Project vbaaa","Lorem ipsum dolor sit amet, consectetuer adipiscing elit. Maecenas porttitor congue massa. Fusce posuere, magna sed pulvinar ultricies, purus lectus malesuada libero, sit amet commodo magna eros quis urna.Nunc viverra imperdiet enim. Fusce est. Vivamus a tellus.","1","2","1890","2000-4-25","2012-7-22"
"3","Project wbaaa","Lorem ipsum dolor sit amet, consectetuer adipiscing elit. Maecenas porttitor congue massa. Fusce posuere, magna sed pulvinar ultricies, purus lectus malesuada libero, sit amet commodo magna eros quis urna.Nunc viverra imperdiet enim. Fusce est. Vivamus a tellus.","1","3","1405","2000-4-15","2012-7-7"
"3","Project xbaaa","Lorem ipsum dolor sit amet, consectetuer adipiscing elit. Maecenas porttitor congue massa. Fusce posuere, magna sed pulvinar ultricies, purus lectus malesuada libero, sit amet commodo magna eros quis urna.Nunc viverra imperdiet enim. Fusce est. Vivamus a tellus.","0","5","2149","2000-9-19","2010-3-4"
"3","Project ybaaa","Lorem ipsum dolor sit amet, consectetuer adipiscing elit. Maecenas porttitor congue massa. Fusce posuere, magna sed pulvinar ultricies, purus lectus malesuada libero, sit amet commodo magna eros quis urna.Nunc viverra imperdiet enim. Fusce est. Vivamus a tellus.","0","5","1215","2000-10-3","2016-7-9"
"3","Project zbaaa","Lorem ipsum dolor sit amet, consectetuer adipiscing elit. Maecenas porttitor congue massa. Fusce posuere, magna sed pulvinar ultricies, purus lectus malesuada libero, sit amet commodo magna eros quis urna.Nunc viverra imperdiet enim. Fusce est. Vivamus a tellus.","0","3","1467","2000-4-4","2003-7-22"
"3","Project acaaa","Lorem ipsum dolor sit amet, consectetuer adipiscing elit. Maecenas porttitor congue massa. Fusce posuere, magna sed pulvinar ultricies, purus lectus malesuada libero, sit amet commodo magna eros quis urna.Nunc viverra imperdiet enim. Fusce est. Vivamus a tellus.","1","3","2409","2000-4-26","2004-7-13"
"3","Project bcaaa","Lorem ipsum dolor sit amet, consectetuer adipiscing elit. Maecenas porttitor congue massa. Fusce posuere, magna sed pulvinar ultricies, purus lectus malesuada libero, sit amet commodo magna eros quis urna.Nunc viverra imperdiet enim. Fusce est. Vivamus a tellus.","0","4","1469","2000-4-14","2015-7-13"
"3","Project ccaaa","Lorem ipsum dolor sit amet, consectetuer adipiscing elit. Maecenas porttitor congue massa. Fusce posuere, magna sed pulvinar ultricies, purus lectus malesuada libero, sit amet commodo magna eros quis urna.Nunc viverra imperdiet enim. Fusce est. Vivamus a tellus.","0","3","2819","2000-4-7","2001-7-26"
"3","Project dcaaa","Lorem ipsum dolor sit amet, consectetuer adipiscing elit. Maecenas porttitor congue massa. Fusce posuere, magna sed pulvinar ultricies, purus lectus malesuada libero, sit amet commodo magna eros quis urna.Nunc viverra imperdiet enim. Fusce est. Vivamus a tellus.","0","3","2040","2013-11-15","2014-10-28"
"3","Project ecaaa","Lorem ipsum dolor sit amet, consectetuer adipiscing elit. Maecenas porttitor congue massa. Fusce posuere, magna sed pulvinar ultricies, purus lectus malesuada libero, sit amet commodo magna eros quis urna.Nunc viverra imperdiet enim. Fusce est. Vivamus a tellus.","1","5","2501","2000-8-13","2013-1-18"
"3","Project fcaaa","Lorem ipsum dolor sit amet, consectetuer adipiscing elit. Maecenas porttitor congue massa. Fusce posuere, magna sed pulvinar ultricies, purus lectus malesuada libero, sit amet commodo magna eros quis urna.Nunc viverra imperdiet enim. Fusce est. Vivamus a tellus.","1","3","2326","2000-5-4","2016-3-26"
"3","Project gcaaa","Lorem ipsum dolor sit amet, consectetuer adipiscing elit. Maecenas porttitor congue massa. Fusce posuere, magna sed pulvinar ultricies, purus lectus malesuada libero, sit amet commodo magna eros quis urna.Nunc viverra imperdiet enim. Fusce est. Vivamus a tellus.","0","2","2247","2000-4-1","2004-7-8"
"3","Project hcaaa","Lorem ipsum dolor sit amet, consectetuer adipiscing elit. Maecenas porttitor congue massa. Fusce posuere, magna sed pulvinar ultricies, purus lectus malesuada libero, sit amet commodo magna eros quis urna.Nunc viverra imperdiet enim. Fusce est. Vivamus a tellus.","0","2","2915","2000-9-20","2001-6-17"
"3","Project icaaa","Lorem ipsum dolor sit amet, consectetuer adipiscing elit. Maecenas porttitor congue massa. Fusce posuere, magna sed pulvinar ultricies, purus lectus malesuada libero, sit amet commodo magna eros quis urna.Nunc viverra imperdiet enim. Fusce est. Vivamus a tellus.","0","4","1596","2000-4-5","2015-7-8"
"3","Project jcaaa","Lorem ipsum dolor sit amet, consectetuer adipiscing elit. Maecenas porttitor congue massa. Fusce posuere, magna sed pulvinar ultricies, purus lectus malesuada libero, sit amet commodo magna eros quis urna.Nunc viverra imperdiet enim. Fusce est. Vivamus a tellus.","1","4","2462","2000-4-23","2003-7-15"
"3","Project kcaaa","Lorem ipsum dolor sit amet, consectetuer adipiscing elit. Maecenas porttitor congue massa. Fusce posuere, magna sed pulvinar ultricies, purus lectus malesuada libero, sit amet commodo magna eros quis urna.Nunc viverra imperdiet enim. Fusce est. Vivamus a tellus.","0","1","2351","2000-12-11","2004-5-12"
"3","Project lcaaa","Lorem ipsum dolor sit amet, consectetuer adipiscing elit. Maecenas porttitor congue massa. Fusce posuere, magna sed pulvinar ultricies, purus lectus malesuada libero, sit amet commodo magna eros quis urna.Nunc viverra imperdiet enim. Fusce est. Vivamus a tellus.","0","3","1688","2000-4-11","2007-7-28"
"3","Project mcaaa","Lorem ipsum dolor sit amet, consectetuer adipiscing elit. Maecenas porttitor congue massa. Fusce posuere, magna sed pulvinar ultricies, purus lectus malesuada libero, sit amet commodo magna eros quis urna.Nunc viverra imperdiet enim. Fusce est. Vivamus a tellus.","1","3","2569","2000-4-2","2016-7-25"
"3","Project ncaaa","Lorem ipsum dolor sit amet, consectetuer adipiscing elit. Maecenas porttitor congue massa. Fusce posuere, magna sed pulvinar ultricies, purus lectus malesuada libero, sit amet commodo magna eros quis urna.Nunc viverra imperdiet enim. Fusce est. Vivamus a tellus.","0","4","2380","2000-4-18","2002-7-18"
"3","Project ocaaa","Lorem ipsum dolor sit amet, consectetuer adipiscing elit. Maecenas porttitor congue massa. Fusce posuere, magna sed pulvinar ultricies, purus lectus malesuada libero, sit amet commodo magna eros quis urna.Nunc viverra imperdiet enim. Fusce est. Vivamus a tellus.","1","1","1627","2000-4-18","2018-7-2"
"3","Project pcaaa","Lorem ipsum dolor sit amet, consectetuer adipiscing elit. Maecenas porttitor congue massa. Fusce posuere, magna sed pulvinar ultricies, purus lectus malesuada libero, sit amet commodo magna eros quis urna.Nunc viverra imperdiet enim. Fusce est. Vivamus a tellus.","0","4","2771","2000-4-13","2009-7-11"
"3","Project qcaaa","Lorem ipsum dolor sit amet, consectetuer adipiscing elit. Maecenas porttitor congue massa. Fusce posuere, magna sed pulvinar ultricies, purus lectus malesuada libero, sit amet commodo magna eros quis urna.Nunc viverra imperdiet enim. Fusce est. Vivamus a tellus.","0","1","1415","2000-4-15","2017-7-19"
"3","Project rcaaa","Lorem ipsum dolor sit amet, consectetuer adipiscing elit. Maecenas porttitor congue massa. Fusce posuere, magna sed pulvinar ultricies, purus lectus malesuada libero, sit amet commodo magna eros quis urna.Nunc viverra imperdiet enim. Fusce est. Vivamus a tellus.","1","3","2632","2000-4-14","2002-7-21"
"3","Project scaaa","Lorem ipsum dolor sit amet, consectetuer adipiscing elit. Maecenas porttitor congue massa. Fusce posuere, magna sed pulvinar ultricies, purus lectus malesuada libero, sit amet commodo magna eros quis urna.Nunc viverra imperdiet enim. Fusce est. Vivamus a tellus.","1","1","1867","2000-4-27","2004-7-27"
"3","Project tcaaa","Lorem ipsum dolor sit amet, consectetuer adipiscing elit. Maecenas porttitor congue massa. Fusce posuere, magna sed pulvinar ultricies, purus lectus malesuada libero, sit amet commodo magna eros quis urna.Nunc viverra imperdiet enim. Fusce est. Vivamus a tellus.","1","3","1874","2000-10-10","2002-5-20"
"3","Project ucaaa","Lorem ipsum dolor sit amet, consectetuer adipiscing elit. Maecenas porttitor congue massa. Fusce posuere, magna sed pulvinar ultricies, purus lectus malesuada libero, sit amet commodo magna eros quis urna.Nunc viverra imperdiet enim. Fusce est. Vivamus a tellus.","1","2","2075","2000-10-23","2015-9-12"
"3","Project vcaaa","Lorem ipsum dolor sit amet, consectetuer adipiscing elit. Maecenas porttitor congue massa. Fusce posuere, magna sed pulvinar ultricies, purus lectus malesuada libero, sit amet commodo magna eros quis urna.Nunc viverra imperdiet enim. Fusce est. Vivamus a tellus.","1","3","2181","2000-9-24","2003-5-9"
"3","Project wcaaa","Lorem ipsum dolor sit amet, consectetuer adipiscing elit. Maecenas porttitor congue massa. Fusce posuere, magna sed pulvinar ultricies, purus lectus malesuada libero, sit amet commodo magna eros quis urna.Nunc viverra imperdiet enim. Fusce est. Vivamus a tellus.","1","4","1800","2000-4-17","2014-1-20"
"3","Project xcaaa","Lorem ipsum dolor sit amet, consectetuer adipiscing elit. Maecenas porttitor congue massa. Fusce posuere, magna sed pulvinar ultricies, purus lectus malesuada libero, sit amet commodo magna eros quis urna.Nunc viverra imperdiet enim. Fusce est. Vivamus a tellus.","1","2","1844","2000-9-13","2013-3-17"
"3","Project ycaaa","Lorem ipsum dolor sit amet, consectetuer adipiscing elit. Maecenas porttitor congue massa. Fusce posuere, magna sed pulvinar ultricies, purus lectus malesuada libero, sit amet commodo magna eros quis urna.Nunc viverra imperdiet enim. Fusce est. Vivamus a tellus.","0","5","1340","2000-12-9","2003-8-10"
"3","Project zcaaa","Lorem ipsum dolor sit amet, consectetuer adipiscing elit. Maecenas porttitor congue massa. Fusce posuere, magna sed pulvinar ultricies, purus lectus malesuada libero, sit amet commodo magna eros quis urna.Nunc viverra imperdiet enim. Fusce est. Vivamus a tellus.","0","4","1353","2000-4-12","2016-7-14"
"3","Project adaaa","Lorem ipsum dolor sit amet, consectetuer adipiscing elit. Maecenas porttitor congue massa. Fusce posuere, magna sed pulvinar ultricies, purus lectus malesuada libero, sit amet commodo magna eros quis urna.Nunc viverra imperdiet enim. Fusce est. Vivamus a tellus.","0","5","1541","2000-4-1","2016-7-16"
"3","Project bdaaa","Lorem ipsum dolor sit amet, consectetuer adipiscing elit. Maecenas porttitor congue massa. Fusce posuere, magna sed pulvinar ultricies, purus lectus malesuada libero, sit amet commodo magna eros quis urna.Nunc viverra imperdiet enim. Fusce est. Vivamus a tellus.","1","2","1479","2000-4-6","2005-7-2"
"3","Project cdaaa","Lorem ipsum dolor sit amet, consectetuer adipiscing elit. Maecenas porttitor congue massa. Fusce posuere, magna sed pulvinar ultricies, purus lectus malesuada libero, sit amet commodo magna eros quis urna.Nunc viverra imperdiet enim. Fusce est. Vivamus a tellus.","1","5","1598","2000-8-13","2002-3-9"
"3","Project ddaaa","Lorem ipsum dolor sit amet, consectetuer adipiscing elit. Maecenas porttitor congue massa. Fusce posuere, magna sed pulvinar ultricies, purus lectus malesuada libero, sit amet commodo magna eros quis urna.Nunc viverra imperdiet enim. Fusce est. Vivamus a tellus.","1","1","1915","2000-4-26","2012-7-4"
"3","Project edaaa","Lorem ipsum dolor sit amet, consectetuer adipiscing elit. Maecenas porttitor congue massa. Fusce posuere, magna sed pulvinar ultricies, purus lectus malesuada libero, sit amet commodo magna eros quis urna.Nunc viverra imperdiet enim. Fusce est. Vivamus a tellus.","0","3","1248","2000-10-14","2001-1-22"
"3","Project fdaaa","Lorem ipsum dolor sit amet, consectetuer adipiscing elit. Maecenas porttitor congue massa. Fusce posuere, magna sed pulvinar ultricies, purus lectus malesuada libero, sit amet commodo magna eros quis urna.Nunc viverra imperdiet enim. Fusce est. Vivamus a tellus.","0","5","1374","2013-4-21","2015-7-3"
"3","Project gdaaa","Lorem ipsum dolor sit amet, consectetuer adipiscing elit. Maecenas porttitor congue massa. Fusce posuere, magna sed pulvinar ultricies, purus lectus malesuada libero, sit amet commodo magna eros quis urna.Nunc viverra imperdiet enim. Fusce est. Vivamus a tellus.","0","3","1659","2000-4-10","2005-2-9"
"3","Project hdaaa","Lorem ipsum dolor sit amet, consectetuer adipiscing elit. Maecenas porttitor congue massa. Fusce posuere, magna sed pulvinar ultricies, purus lectus malesuada libero, sit amet commodo magna eros quis urna.Nunc viverra imperdiet enim. Fusce est. Vivamus a tellus.","1","5","2384","2000-10-25","2004-5-26"
"3","Project idaaa","Lorem ipsum dolor sit amet, consectetuer adipiscing elit. Maecenas porttitor congue massa. Fusce posuere, magna sed pulvinar ultricies, purus lectus malesuada libero, sit amet commodo magna eros quis urna.Nunc viverra imperdiet enim. Fusce est. Vivamus a tellus.","0","4","2641","2000-4-10","2002-7-10"
"3","Project jdaaa","Lorem ipsum dolor sit amet, consectetuer adipiscing elit. Maecenas porttitor congue massa. Fusce posuere, magna sed pulvinar ultricies, purus lectus malesuada libero, sit amet commodo magna eros quis urna.Nunc viverra imperdiet enim. Fusce est. Vivamus a tellus.","1","4","1722","2000-4-6","2014-7-27"
"3","Project kdaaa","Lorem ipsum dolor sit amet, consectetuer adipiscing elit. Maecenas porttitor congue massa. Fusce posuere, magna sed pulvinar ultricies, purus lectus malesuada libero, sit amet commodo magna eros quis urna.Nunc viverra imperdiet enim. Fusce est. Vivamus a tellus.","1","2","2706","2000-4-20","2009-7-21"
"3","Project ldaaa","Lorem ipsum dolor sit amet, consectetuer adipiscing elit. Maecenas porttitor congue massa. Fusce posuere, magna sed pulvinar ultricies, purus lectus malesuada libero, sit amet commodo magna eros quis urna.Nunc viverra imperdiet enim. Fusce est. Vivamus a tellus.","0","1","2229","2000-4-24","2001-7-9"
"3","Project mdaaa","Lorem ipsum dolor sit amet, consectetuer adipiscing elit. Maecenas porttitor congue massa. Fusce posuere, magna sed pulvinar ultricies, purus lectus malesuada libero, sit amet commodo magna eros quis urna.Nunc viverra imperdiet enim. Fusce est. Vivamus a tellus.","1","1","2921","2000-4-27","2005-7-18"
"3","Project ndaaa","Lorem ipsum dolor sit amet, consectetuer adipiscing elit. Maecenas porttitor congue massa. Fusce posuere, magna sed pulvinar ultricies, purus lectus malesuada libero, sit amet commodo magna eros quis urna.Nunc viverra imperdiet enim. Fusce est. Vivamus a tellus.","0","3","2532","2000-9-4","2004-2-25"
"3","Project odaaa","Lorem ipsum dolor sit amet, consectetuer adipiscing elit. Maecenas porttitor congue massa. Fusce posuere, magna sed pulvinar ultricies, purus lectus malesuada libero, sit amet commodo magna eros quis urna.Nunc viverra imperdiet enim. Fusce est. Vivamus a tellus.","0","1","1337","2000-2-14","2012-1-12"
"3","Project pdaaa","Lorem ipsum dolor sit amet, consectetuer adipiscing elit. Maecenas porttitor congue massa. Fusce posuere, magna sed pulvinar ultricies, purus lectus malesuada libero, sit amet commodo magna eros quis urna.Nunc viverra imperdiet enim. Fusce est. Vivamus a tellus.","0","2","2428","2000-4-9","2009-7-25"
"3","Project qdaaa","Lorem ipsum dolor sit amet, consectetuer adipiscing elit. Maecenas porttitor congue massa. Fusce posuere, magna sed pulvinar ultricies, purus lectus malesuada libero, sit amet commodo magna eros quis urna.Nunc viverra imperdiet enim. Fusce est. Vivamus a tellus.","1","1","2911","2000-7-2","2008-6-23"
"3","Project rdaaa","Lorem ipsum dolor sit amet, consectetuer adipiscing elit. Maecenas porttitor congue massa. Fusce posuere, magna sed pulvinar ultricies, purus lectus malesuada libero, sit amet commodo magna eros quis urna.Nunc viverra imperdiet enim. Fusce est. Vivamus a tellus.","1","5","2733","2000-12-27","2015-5-1"
"3","Project sdaaa","Lorem ipsum dolor sit amet, consectetuer adipiscing elit. Maecenas porttitor congue massa. Fusce posuere, magna sed pulvinar ultricies, purus lectus malesuada libero, sit amet commodo magna eros quis urna.Nunc viverra imperdiet enim. Fusce est. Vivamus a tellus.","1","4","1409","2000-11-10","2012-6-8"
"3","Project tdaaa","Lorem ipsum dolor sit amet, consectetuer adipiscing elit. Maecenas porttitor congue massa. Fusce posuere, magna sed pulvinar ultricies, purus lectus malesuada libero, sit amet commodo magna eros quis urna.Nunc viverra imperdiet enim. Fusce est. Vivamus a tellus.","1","1","2862","2000-9-5","2010-3-3"
"3","Project udaaa","Lorem ipsum dolor sit amet, consectetuer adipiscing elit. Maecenas porttitor congue massa. Fusce posuere, magna sed pulvinar ultricies, purus lectus malesuada libero, sit amet commodo magna eros quis urna.Nunc viverra imperdiet enim. Fusce est. Vivamus a tellus.","0","3","2658","2000-11-7","2017-7-23"
"3","Project vdaaa","Lorem ipsum dolor sit amet, consectetuer adipiscing elit. Maecenas porttitor congue massa. Fusce posuere, magna sed pulvinar ultricies, purus lectus malesuada libero, sit amet commodo magna eros quis urna.Nunc viverra imperdiet enim. Fusce est. Vivamus a tellus.","1","1","2834","2000-4-8","2001-7-19"
"3","Project wdaaa","Lorem ipsum dolor sit amet, consectetuer adipiscing elit. Maecenas porttitor congue massa. Fusce posuere, magna sed pulvinar ultricies, purus lectus malesuada libero, sit amet commodo magna eros quis urna.Nunc viverra imperdiet enim. Fusce est. Vivamus a tellus.","0","3","1742","2000-5-15","2011-3-4"
"3","Project xdaaa","Lorem ipsum dolor sit amet, consectetuer adipiscing elit. Maecenas porttitor congue massa. Fusce posuere, magna sed pulvinar ultricies, purus lectus malesuada libero, sit amet commodo magna eros quis urna.Nunc viverra imperdiet enim. Fusce est. Vivamus a tellus.","0","2","2404","2000-4-24","2014-7-19"
"3","Project ydaaa","Lorem ipsum dolor sit amet, consectetuer adipiscing elit. Maecenas porttitor congue massa. Fusce posuere, magna sed pulvinar ultricies, purus lectus malesuada libero, sit amet commodo magna eros quis urna.Nunc viverra imperdiet enim. Fusce est. Vivamus a tellus.","0","2","1022","2000-4-27","2007-7-6"
"3","Project zdaaa","Lorem ipsum dolor sit amet, consectetuer adipiscing elit. Maecenas porttitor congue massa. Fusce posuere, magna sed pulvinar ultricies, purus lectus malesuada libero, sit amet commodo magna eros quis urna.Nunc viverra imperdiet enim. Fusce est. Vivamus a tellus.","0","4","2818","2000-2-4","2008-1-11"
"3","Project aeaaa","Lorem ipsum dolor sit amet, consectetuer adipiscing elit. Maecenas porttitor congue massa. Fusce posuere, magna sed pulvinar ultricies, purus lectus malesuada libero, sit amet commodo magna eros quis urna.Nunc viverra imperdiet enim. Fusce est. Vivamus a tellus.","0","5","1532","2000-12-3","2014-7-25"
"3","Project beaaa","Lorem ipsum dolor sit amet, consectetuer adipiscing elit. Maecenas porttitor congue massa. Fusce posuere, magna sed pulvinar ultricies, purus lectus malesuada libero, sit amet commodo magna eros quis urna.Nunc viverra imperdiet enim. Fusce est. Vivamus a tellus.","1","2","1978","2000-10-22","2014-4-27"
"3","Project ceaaa","Lorem ipsum dolor sit amet, consectetuer adipiscing elit. Maecenas porttitor congue massa. Fusce posuere, magna sed pulvinar ultricies, purus lectus malesuada libero, sit amet commodo magna eros quis urna.Nunc viverra imperdiet enim. Fusce est. Vivamus a tellus.","1","3","1628","2000-4-6","2001-7-16"
"3","Project deaaa","Lorem ipsum dolor sit amet, consectetuer adipiscing elit. Maecenas porttitor congue massa. Fusce posuere, magna sed pulvinar ultricies, purus lectus malesuada libero, sit amet commodo magna eros quis urna.Nunc viverra imperdiet enim. Fusce est. Vivamus a tellus.","0","4","2217","2000-4-11","2004-7-28"
"3","Project eeaaa","Lorem ipsum dolor sit amet, consectetuer adipiscing elit. Maecenas porttitor congue massa. Fusce posuere, magna sed pulvinar ultricies, purus lectus malesuada libero, sit amet commodo magna eros quis urna.Nunc viverra imperdiet enim. Fusce est. Vivamus a tellus.","1","2","1733","2000-4-23","2018-7-15"
"3","Project feaaa","Lorem ipsum dolor sit amet, consectetuer adipiscing elit. Maecenas porttitor congue massa. Fusce posuere, magna sed pulvinar ultricies, purus lectus malesuada libero, sit amet commodo magna eros quis urna.Nunc viverra imperdiet enim. Fusce est. Vivamus a tellus.","0","4","2780","2000-4-24","2017-2-6"
"3","Project geaaa","Lorem ipsum dolor sit amet, consectetuer adipiscing elit. Maecenas porttitor congue massa. Fusce posuere, magna sed pulvinar ultricies, purus lectus malesuada libero, sit amet commodo magna eros quis urna.Nunc viverra imperdiet enim. Fusce est. Vivamus a tellus.","0","1","2734","2000-4-18","2011-7-13"
"3","Project heaaa","Lorem ipsum dolor sit amet, consectetuer adipiscing elit. Maecenas porttitor congue massa. Fusce posuere, magna sed pulvinar ultricies, purus lectus malesuada libero, sit amet commodo magna eros quis urna.Nunc viverra imperdiet enim. Fusce est. Vivamus a tellus.","0","4","1627","2000-4-14","2004-7-1"
"3","Project ieaaa","Lorem ipsum dolor sit amet, consectetuer adipiscing elit. Maecenas porttitor congue massa. Fusce posuere, magna sed pulvinar ultricies, purus lectus malesuada libero, sit amet commodo magna eros quis urna.Nunc viverra imperdiet enim. Fusce est. Vivamus a tellus.","1","1","2445","2000-5-6","2011-2-2"
"3","Project jeaaa","Lorem ipsum dolor sit amet, consectetuer adipiscing elit. Maecenas porttitor congue massa. Fusce posuere, magna sed pulvinar ultricies, purus lectus malesuada libero, sit amet commodo magna eros quis urna.Nunc viverra imperdiet enim. Fusce est. Vivamus a tellus.","1","4","1362","2000-4-2","2002-7-4"
"3","Project keaaa","Lorem ipsum dolor sit amet, consectetuer adipiscing elit. Maecenas porttitor congue massa. Fusce posuere, magna sed pulvinar ultricies, purus lectus malesuada libero, sit amet commodo magna eros quis urna.Nunc viverra imperdiet enim. Fusce est. Vivamus a tellus.","0","5","2574","2000-4-1","2017-7-24"
"3","Project leaaa","Lorem ipsum dolor sit amet, consectetuer adipiscing elit. Maecenas porttitor congue massa. Fusce posuere, magna sed pulvinar ultricies, purus lectus malesuada libero, sit amet commodo magna eros quis urna.Nunc viverra imperdiet enim. Fusce est. Vivamus a tellus.","0","2","1768","2000-12-19","2008-5-9"
"3","Project meaaa","Lorem ipsum dolor sit amet, consectetuer adipiscing elit. Maecenas porttitor congue massa. Fusce posuere, magna sed pulvinar ultricies, purus lectus malesuada libero, sit amet commodo magna eros quis urna.Nunc viverra imperdiet enim. Fusce est. Vivamus a tellus.","0","2","1854","2000-4-14","2017-7-8"
"3","Project neaaa","Lorem ipsum dolor sit amet, consectetuer adipiscing elit. Maecenas porttitor congue massa. Fusce posuere, magna sed pulvinar ultricies, purus lectus malesuada libero, sit amet commodo magna eros quis urna.Nunc viverra imperdiet enim. Fusce est. Vivamus a tellus.","0","3","1852","2000-4-9","2014-7-2"
"3","Project oeaaa","Lorem ipsum dolor sit amet, consectetuer adipiscing elit. Maecenas porttitor congue massa. Fusce posuere, magna sed pulvinar ultricies, purus lectus malesuada libero, sit amet commodo magna eros quis urna.Nunc viverra imperdiet enim. Fusce est. Vivamus a tellus.","1","3","1476","2000-4-9","2018-7-20"
"3","Project peaaa","Lorem ipsum dolor sit amet, consectetuer adipiscing elit. Maecenas porttitor congue massa. Fusce posuere, magna sed pulvinar ultricies, purus lectus malesuada libero, sit amet commodo magna eros quis urna.Nunc viverra imperdiet enim. Fusce est. Vivamus a tellus.","0","4","2715","2000-7-7","2003-1-14"
"3","Project qeaaa","Lorem ipsum dolor sit amet, consectetuer adipiscing elit. Maecenas porttitor congue massa. Fusce posuere, magna sed pulvinar ultricies, purus lectus malesuada libero, sit amet commodo magna eros quis urna.Nunc viverra imperdiet enim. Fusce est. Vivamus a tellus.","1","5","1774","2000-4-21","2003-7-15"
"3","Project reaaa","Lorem ipsum dolor sit amet, consectetuer adipiscing elit. Maecenas porttitor congue massa. Fusce posuere, magna sed pulvinar ultricies, purus lectus malesuada libero, sit amet commodo magna eros quis urna.Nunc viverra imperdiet enim. Fusce est. Vivamus a tellus.","0","4","2900","2000-7-7","2004-2-17"
"3","Project seaaa","Lorem ipsum dolor sit amet, consectetuer adipiscing elit. Maecenas porttitor congue massa. Fusce posuere, magna sed pulvinar ultricies, purus lectus malesuada libero, sit amet commodo magna eros quis urna.Nunc viverra imperdiet enim. Fusce est. Vivamus a tellus.","1","5","1512","2000-8-6","2012-5-19"
"3","Project teaaa","Lorem ipsum dolor sit amet, consectetuer adipiscing elit. Maecenas porttitor congue massa. Fusce posuere, magna sed pulvinar ultricies, purus lectus malesuada libero, sit amet commodo magna eros quis urna.Nunc viverra imperdiet enim. Fusce est. Vivamus a tellus.","0","4","2973","2000-6-14","2010-4-9"
"3","Project ueaaa","Lorem ipsum dolor sit amet, consectetuer adipiscing elit. Maecenas porttitor congue massa. Fusce posuere, magna sed pulvinar ultricies, purus lectus malesuada libero, sit amet commodo magna eros quis urna.Nunc viverra imperdiet enim. Fusce est. Vivamus a tellus.","1","1","1904","2000-6-2","2006-4-15"
"3","Project veaaa","Lorem ipsum dolor sit amet, consectetuer adipiscing elit. Maecenas porttitor congue massa. Fusce posuere, magna sed pulvinar ultricies, purus lectus malesuada libero, sit amet commodo magna eros quis urna.Nunc viverra imperdiet enim. Fusce est. Vivamus a tellus.","1","3","2796","2000-4-11","2013-7-5"
"3","Project weaaa","Lorem ipsum dolor sit amet, consectetuer adipiscing elit. Maecenas porttitor congue massa. Fusce posuere, magna sed pulvinar ultricies, purus lectus malesuada libero, sit amet commodo magna eros quis urna.Nunc viverra imperdiet enim. Fusce est. Vivamus a tellus.","1","3","2560","2000-8-17","2001-6-20"
"3","Project xeaaa","Lorem ipsum dolor sit amet, consectetuer adipiscing elit. Maecenas porttitor congue massa. Fusce posuere, magna sed pulvinar ultricies, purus lectus malesuada libero, sit amet commodo magna eros quis urna.Nunc viverra imperdiet enim. Fusce est. Vivamus a tellus.","1","4","1465","2000-12-17","2010-8-18"
"3","Project yeaaa","Lorem ipsum dolor sit amet, consectetuer adipiscing elit. Maecenas porttitor congue massa. Fusce posuere, magna sed pulvinar ultricies, purus lectus malesuada libero, sit amet commodo magna eros quis urna.Nunc viverra imperdiet enim. Fusce est. Vivamus a tellus.","0","1","1395","2000-6-1","2014-2-17"
"3","Project zeaaa","Lorem ipsum dolor sit amet, consectetuer adipiscing elit. Maecenas porttitor congue massa. Fusce posuere, magna sed pulvinar ultricies, purus lectus malesuada libero, sit amet commodo magna eros quis urna.Nunc viverra imperdiet enim. Fusce est. Vivamus a tellus.","0","3","1303","2000-5-15","2007-3-5"
"3","Project afaaa","Lorem ipsum dolor sit amet, consectetuer adipiscing elit. Maecenas porttitor congue massa. Fusce posuere, magna sed pulvinar ultricies, purus lectus malesuada libero, sit amet commodo magna eros quis urna.Nunc viverra imperdiet enim. Fusce est. Vivamus a tellus.","1","4","2733","2000-11-22","2013-6-1"
"3","Project bfaaa","Lorem ipsum dolor sit amet, consectetuer adipiscing elit. Maecenas porttitor congue massa. Fusce posuere, magna sed pulvinar ultricies, purus lectus malesuada libero, sit amet commodo magna eros quis urna.Nunc viverra imperdiet enim. Fusce est. Vivamus a tellus.","0","4","2960","2000-12-18","2008-2-15"
"3","Project cfaaa","Lorem ipsum dolor sit amet, consectetuer adipiscing elit. Maecenas porttitor congue massa. Fusce posuere, magna sed pulvinar ultricies, purus lectus malesuada libero, sit amet commodo magna eros quis urna.Nunc viverra imperdiet enim. Fusce est. Vivamus a tellus.","0","5","1722","2000-7-5","2017-3-4"
"3","Project dfaaa","Lorem ipsum dolor sit amet, consectetuer adipiscing elit. Maecenas porttitor congue massa. Fusce posuere, magna sed pulvinar ultricies, purus lectus malesuada libero, sit amet commodo magna eros quis urna.Nunc viverra imperdiet enim. Fusce est. Vivamus a tellus.","1","3","2724","2000-4-21","2006-7-16"
"3","Project efaaa","Lorem ipsum dolor sit amet, consectetuer adipiscing elit. Maecenas porttitor congue massa. Fusce posuere, magna sed pulvinar ultricies, purus lectus malesuada libero, sit amet commodo magna eros quis urna.Nunc viverra imperdiet enim. Fusce est. Vivamus a tellus.","0","3","2747","2000-4-3","2009-7-1"
"3","Project ffaaa","Lorem ipsum dolor sit amet, consectetuer adipiscing elit. Maecenas porttitor congue massa. Fusce posuere, magna sed pulvinar ultricies, purus lectus malesuada libero, sit amet commodo magna eros quis urna.Nunc viverra imperdiet enim. Fusce est. Vivamus a tellus.","0","1","1795","2000-12-22","2006-11-15"
"3","Project gfaaa","Lorem ipsum dolor sit amet, consectetuer adipiscing elit. Maecenas porttitor congue massa. Fusce posuere, magna sed pulvinar ultricies, purus lectus malesuada libero, sit amet commodo magna eros quis urna.Nunc viverra imperdiet enim. Fusce est. Vivamus a tellus.","0","3","1020","2000-11-19","2013-1-15"
"3","Project hfaaa","Lorem ipsum dolor sit amet, consectetuer adipiscing elit. Maecenas porttitor congue massa. Fusce posuere, magna sed pulvinar ultricies, purus lectus malesuada libero, sit amet commodo magna eros quis urna.Nunc viverra imperdiet enim. Fusce est. Vivamus a tellus.","1","3","2475","2000-12-13","2007-11-21"
"3","Project ifaaa","Lorem ipsum dolor sit amet, consectetuer adipiscing elit. Maecenas porttitor congue massa. Fusce posuere, magna sed pulvinar ultricies, purus lectus malesuada libero, sit amet commodo magna eros quis urna.Nunc viverra imperdiet enim. Fusce est. Vivamus a tellus.","0","5","2806","2000-4-25","2006-7-8"
"3","Project jfaaa","Lorem ipsum dolor sit amet, consectetuer adipiscing elit. Maecenas porttitor congue massa. Fusce posuere, magna sed pulvinar ultricies, purus lectus malesuada libero, sit amet commodo magna eros quis urna.Nunc viverra imperdiet enim. Fusce est. Vivamus a tellus.","1","3","1096","2000-4-20","2007-7-27"
"3","Project kfaaa","Lorem ipsum dolor sit amet, consectetuer adipiscing elit. Maecenas porttitor congue massa. Fusce posuere, magna sed pulvinar ultricies, purus lectus malesuada libero, sit amet commodo magna eros quis urna.Nunc viverra imperdiet enim. Fusce est. Vivamus a tellus.","0","4","2687","2000-5-27","2005-2-13"
"3","Project lfaaa","Lorem ipsum dolor sit amet, consectetuer adipiscing elit. Maecenas porttitor congue massa. Fusce posuere, magna sed pulvinar ultricies, purus lectus malesuada libero, sit amet commodo magna eros quis urna.Nunc viverra imperdiet enim. Fusce est. Vivamus a tellus.","1","4","1278","2000-5-9","2009-2-14"
"3","Project mfaaa","Lorem ipsum dolor sit amet, consectetuer adipiscing elit. Maecenas porttitor congue massa. Fusce posuere, magna sed pulvinar ultricies, purus lectus malesuada libero, sit amet commodo magna eros quis urna.Nunc viverra imperdiet enim. Fusce est. Vivamus a tellus.","0","5","1128","2000-4-16","2010-7-24"
"3","Project nfaaa","Lorem ipsum dolor sit amet, consectetuer adipiscing elit. Maecenas porttitor congue massa. Fusce posuere, magna sed pulvinar ultricies, purus lectus malesuada libero, sit amet commodo magna eros quis urna.Nunc viverra imperdiet enim. Fusce est. Vivamus a tellus.","0","2","1278","2000-4-18","2011-7-2"
"3","Project ofaaa","Lorem ipsum dolor sit amet, consectetuer adipiscing elit. Maecenas porttitor congue massa. Fusce posuere, magna sed pulvinar ultricies, purus lectus malesuada libero, sit amet commodo magna eros quis urna.Nunc viverra imperdiet enim. Fusce est. Vivamus a tellus.","0","5","1931","2000-9-3","2017-8-27"
"3","Project pfaaa","Lorem ipsum dolor sit amet, consectetuer adipiscing elit. Maecenas porttitor congue massa. Fusce posuere, magna sed pulvinar ultricies, purus lectus malesuada libero, sit amet commodo magna eros quis urna.Nunc viverra imperdiet enim. Fusce est. Vivamus a tellus.","0","2","1624","2000-3-17","2009-2-8"
"3","Project qfaaa","Lorem ipsum dolor sit amet, consectetuer adipiscing elit. Maecenas porttitor congue massa. Fusce posuere, magna sed pulvinar ultricies, purus lectus malesuada libero, sit amet commodo magna eros quis urna.Nunc viverra imperdiet enim. Fusce est. Vivamus a tellus.","1","3","1229","2000-12-10","2002-9-12"
"3","Project rfaaa","Lorem ipsum dolor sit amet, consectetuer adipiscing elit. Maecenas porttitor congue massa. Fusce posuere, magna sed pulvinar ultricies, purus lectus malesuada libero, sit amet commodo magna eros quis urna.Nunc viverra imperdiet enim. Fusce est. Vivamus a tellus.","0","3","1388","2000-4-12","2012-7-8"
"3","Project sfaaa","Lorem ipsum dolor sit amet, consectetuer adipiscing elit. Maecenas porttitor congue massa. Fusce posuere, magna sed pulvinar ultricies, purus lectus malesuada libero, sit amet commodo magna eros quis urna.Nunc viverra imperdiet enim. Fusce est. Vivamus a tellus.","1","5","2317","2000-4-1","2004-7-17"
"3","Project tfaaa","Lorem ipsum dolor sit amet, consectetuer adipiscing elit. Maecenas porttitor congue massa. Fusce posuere, magna sed pulvinar ultricies, purus lectus malesuada libero, sit amet commodo magna eros quis urna.Nunc viverra imperdiet enim. Fusce est. Vivamus a tellus.","1","4","2646","2000-4-27","2006-7-11"
"3","Project ufaaa","Lorem ipsum dolor sit amet, consectetuer adipiscing elit. Maecenas porttitor congue massa. Fusce posuere, magna sed pulvinar ultricies, purus lectus malesuada libero, sit amet commodo magna eros quis urna.Nunc viverra imperdiet enim. Fusce est. Vivamus a tellus.","1","4","2190","2000-10-16","2005-3-10"
"3","Project vfaaa","Lorem ipsum dolor sit amet, consectetuer adipiscing elit. Maecenas porttitor congue massa. Fusce posuere, magna sed pulvinar ultricies, purus lectus malesuada libero, sit amet commodo magna eros quis urna.Nunc viverra imperdiet enim. Fusce est. Vivamus a tellus.","0","3","2492","2000-4-16","2012-7-18"
"3","Project wfaaa","Lorem ipsum dolor sit amet, consectetuer adipiscing elit. Maecenas porttitor congue massa. Fusce posuere, magna sed pulvinar ultricies, purus lectus malesuada libero, sit amet commodo magna eros quis urna.Nunc viverra imperdiet enim. Fusce est. Vivamus a tellus.","0","3","2143","2000-4-23","2016-7-18"
"3","Project xfaaa","Lorem ipsum dolor sit amet, consectetuer adipiscing elit. Maecenas porttitor congue massa. Fusce posuere, magna sed pulvinar ultricies, purus lectus malesuada libero, sit amet commodo magna eros quis urna.Nunc viverra imperdiet enim. Fusce est. Vivamus a tellus.","0","3","2528","2000-4-1","2012-7-27"
"3","Project yfaaa","Lorem ipsum dolor sit amet, consectetuer adipiscing elit. Maecenas porttitor congue massa. Fusce posuere, magna sed pulvinar ultricies, purus lectus malesuada libero, sit amet commodo magna eros quis urna.Nunc viverra imperdiet enim. Fusce est. Vivamus a tellus.","0","5","2945","2000-9-5","2017-7-26"
"3","Project zfaaa","Lorem ipsum dolor sit amet, consectetuer adipiscing elit. Maecenas porttitor congue massa. Fusce posuere, magna sed pulvinar ultricies, purus lectus malesuada libero, sit amet commodo magna eros quis urna.Nunc viverra imperdiet enim. Fusce est. Vivamus a tellus.","0","4","2260","2000-11-4","2010-4-12"
"3","Project agaaa","Lorem ipsum dolor sit amet, consectetuer adipiscing elit. Maecenas porttitor congue massa. Fusce posuere, magna sed pulvinar ultricies, purus lectus malesuada libero, sit amet commodo magna eros quis urna.Nunc viverra imperdiet enim. Fusce est. Vivamus a tellus.","0","1","2396","2000-4-12","2012-1-26"
"3","Project bgaaa","Lorem ipsum dolor sit amet, consectetuer adipiscing elit. Maecenas porttitor congue massa. Fusce posuere, magna sed pulvinar ultricies, purus lectus malesuada libero, sit amet commodo magna eros quis urna.Nunc viverra imperdiet enim. Fusce est. Vivamus a tellus.","0","5","1216","2000-8-27","2009-4-14"
"3","Project cgaaa","Lorem ipsum dolor sit amet, consectetuer adipiscing elit. Maecenas porttitor congue massa. Fusce posuere, magna sed pulvinar ultricies, purus lectus malesuada libero, sit amet commodo magna eros quis urna.Nunc viverra imperdiet enim. Fusce est. Vivamus a tellus.","0","1","1832","2000-8-2","2001-3-14"
"3","Project dgaaa","Lorem ipsum dolor sit amet, consectetuer adipiscing elit. Maecenas porttitor congue massa. Fusce posuere, magna sed pulvinar ultricies, purus lectus malesuada libero, sit amet commodo magna eros quis urna.Nunc viverra imperdiet enim. Fusce est. Vivamus a tellus.","0","5","2930","2000-12-9","2012-8-18"
"3","Project egaaa","Lorem ipsum dolor sit amet, consectetuer adipiscing elit. Maecenas porttitor congue massa. Fusce posuere, magna sed pulvinar ultricies, purus lectus malesuada libero, sit amet commodo magna eros quis urna.Nunc viverra imperdiet enim. Fusce est. Vivamus a tellus.","0","5","1950","2000-4-3","2014-7-18"
"3","Project fgaaa","Lorem ipsum dolor sit amet, consectetuer adipiscing elit. Maecenas porttitor congue massa. Fusce posuere, magna sed pulvinar ultricies, purus lectus malesuada libero, sit amet commodo magna eros quis urna.Nunc viverra imperdiet enim. Fusce est. Vivamus a tellus.","0","1","2170","2000-4-7","2009-7-3"
"3","Project ggaaa","Lorem ipsum dolor sit amet, consectetuer adipiscing elit. Maecenas porttitor congue massa. Fusce posuere, magna sed pulvinar ultricies, purus lectus malesuada libero, sit amet commodo magna eros quis urna.Nunc viverra imperdiet enim. Fusce est. Vivamus a tellus.","0","4","2813","2000-4-6","2017-7-8"
"3","Project hgaaa","Lorem ipsum dolor sit amet, consectetuer adipiscing elit. Maecenas porttitor congue massa. Fusce posuere, magna sed pulvinar ultricies, purus lectus malesuada libero, sit amet commodo magna eros quis urna.Nunc viverra imperdiet enim. Fusce est. Vivamus a tellus.","0","4","1277","2000-12-24","2008-4-13"
"3","Project igaaa","Lorem ipsum dolor sit amet, consectetuer adipiscing elit. Maecenas porttitor congue massa. Fusce posuere, magna sed pulvinar ultricies, purus lectus malesuada libero, sit amet commodo magna eros quis urna.Nunc viverra imperdiet enim. Fusce est. Vivamus a tellus.","0","3","2788","2000-4-25","2008-7-26"
"3","Project jgaaa","Lorem ipsum dolor sit amet, consectetuer adipiscing elit. Maecenas porttitor congue massa. Fusce posuere, magna sed pulvinar ultricies, purus lectus malesuada libero, sit amet commodo magna eros quis urna.Nunc viverra imperdiet enim. Fusce est. Vivamus a tellus.","1","5","2094","2000-8-12","2006-3-27"
"3","Project kgaaa","Lorem ipsum dolor sit amet, consectetuer adipiscing elit. Maecenas porttitor congue massa. Fusce posuere, magna sed pulvinar ultricies, purus lectus malesuada libero, sit amet commodo magna eros quis urna.Nunc viverra imperdiet enim. Fusce est. Vivamus a tellus.","0","3","2752","2000-4-15","2014-7-19"
"3","Project lgaaa","Lorem ipsum dolor sit amet, consectetuer adipiscing elit. Maecenas porttitor congue massa. Fusce posuere, magna sed pulvinar ultricies, purus lectus malesuada libero, sit amet commodo magna eros quis urna.Nunc viverra imperdiet enim. Fusce est. Vivamus a tellus.","0","5","1450","2000-6-12","2001-5-20"
"3","Project mgaaa","Lorem ipsum dolor sit amet, consectetuer adipiscing elit. Maecenas porttitor congue massa. Fusce posuere, magna sed pulvinar ultricies, purus lectus malesuada libero, sit amet commodo magna eros quis urna.Nunc viverra imperdiet enim. Fusce est. Vivamus a tellus.","1","1","2280","2000-4-5","2015-7-5"
"3","Project ngaaa","Lorem ipsum dolor sit amet, consectetuer adipiscing elit. Maecenas porttitor congue massa. Fusce posuere, magna sed pulvinar ultricies, purus lectus malesuada libero, sit amet commodo magna eros quis urna.Nunc viverra imperdiet enim. Fusce est. Vivamus a tellus.","1","3","2615","2000-7-9","2013-1-15"
"3","Project ogaaa","Lorem ipsum dolor sit amet, consectetuer adipiscing elit. Maecenas porttitor congue massa. Fusce posuere, magna sed pulvinar ultricies, purus lectus malesuada libero, sit amet commodo magna eros quis urna.Nunc viverra imperdiet enim. Fusce est. Vivamus a tellus.","1","2","2019","2000-4-24","2012-7-20"
"3","Project pgaaa","Lorem ipsum dolor sit amet, consectetuer adipiscing elit. Maecenas porttitor congue massa. Fusce posuere, magna sed pulvinar ultricies, purus lectus malesuada libero, sit amet commodo magna eros quis urna.Nunc viverra imperdiet enim. Fusce est. Vivamus a tellus.","1","2","1069","2000-4-17","2004-7-4"
"3","Project qgaaa","Lorem ipsum dolor sit amet, consectetuer adipiscing elit. Maecenas porttitor congue massa. Fusce posuere, magna sed pulvinar ultricies, purus lectus malesuada libero, sit amet commodo magna eros quis urna.Nunc viverra imperdiet enim. Fusce est. Vivamus a tellus.","0","5","1441","2000-10-20","2010-6-11"
"3","Project rgaaa","Lorem ipsum dolor sit amet, consectetuer adipiscing elit. Maecenas porttitor congue massa. Fusce posuere, magna sed pulvinar ultricies, purus lectus malesuada libero, sit amet commodo magna eros quis urna.Nunc viverra imperdiet enim. Fusce est. Vivamus a tellus.","0","2","2128","2000-4-23","2009-7-6"
"3","Project sgaaa","Lorem ipsum dolor sit amet, consectetuer adipiscing elit. Maecenas porttitor congue massa. Fusce posuere, magna sed pulvinar ultricies, purus lectus malesuada libero, sit amet commodo magna eros quis urna.Nunc viverra imperdiet enim. Fusce est. Vivamus a tellus.","1","3","1265","2000-4-5","2007-7-13"
"3","Project tgaaa","Lorem ipsum dolor sit amet, consectetuer adipiscing elit. Maecenas porttitor congue massa. Fusce posuere, magna sed pulvinar ultricies, purus lectus malesuada libero, sit amet commodo magna eros quis urna.Nunc viverra imperdiet enim. Fusce est. Vivamus a tellus.","0","3","2052","2000-11-26","2016-7-8"
"3","Project ugaaa","Lorem ipsum dolor sit amet, consectetuer adipiscing elit. Maecenas porttitor congue massa. Fusce posuere, magna sed pulvinar ultricies, purus lectus malesuada libero, sit amet commodo magna eros quis urna.Nunc viverra imperdiet enim. Fusce est. Vivamus a tellus.","0","1","1115","2000-11-9","2011-2-17"
"3","Project vgaaa","Lorem ipsum dolor sit amet, consectetuer adipiscing elit. Maecenas porttitor congue massa. Fusce posuere, magna sed pulvinar ultricies, purus lectus malesuada libero, sit amet commodo magna eros quis urna.Nunc viverra imperdiet enim. Fusce est. Vivamus a tellus.","0","2","2118","2000-4-3","2014-7-16"
"3","Project wgaaa","Lorem ipsum dolor sit amet, consectetuer adipiscing elit. Maecenas porttitor congue massa. Fusce posuere, magna sed pulvinar ultricies, purus lectus malesuada libero, sit amet commodo magna eros quis urna.Nunc viverra imperdiet enim. Fusce est. Vivamus a tellus.","0","3","2266","2000-11-1","2016-2-10"
"3","Project xgaaa","Lorem ipsum dolor sit amet, consectetuer adipiscing elit. Maecenas porttitor congue massa. Fusce posuere, magna sed pulvinar ultricies, purus lectus malesuada libero, sit amet commodo magna eros quis urna.Nunc viverra imperdiet enim. Fusce est. Vivamus a tellus.","0","3","2027","2000-11-23","2001-4-3"
"3","Project ygaaa","Lorem ipsum dolor sit amet, consectetuer adipiscing elit. Maecenas porttitor congue massa. Fusce posuere, magna sed pulvinar ultricies, purus lectus malesuada libero, sit amet commodo magna eros quis urna.Nunc viverra imperdiet enim. Fusce est. Vivamus a tellus.","1","3","1640","2000-4-11","2003-7-9"
"3","Project zgaaa","Lorem ipsum dolor sit amet, consectetuer adipiscing elit. Maecenas porttitor congue massa. Fusce posuere, magna sed pulvinar ultricies, purus lectus malesuada libero, sit amet commodo magna eros quis urna.Nunc viverra imperdiet enim. Fusce est. Vivamus a tellus.","0","5","2488","2000-4-4","2007-7-21"
"3","Project ahaaa","Lorem ipsum dolor sit amet, consectetuer adipiscing elit. Maecenas porttitor congue massa. Fusce posuere, magna sed pulvinar ultricies, purus lectus malesuada libero, sit amet commodo magna eros quis urna.Nunc viverra imperdiet enim. Fusce est. Vivamus a tellus.","0","4","1261","2000-4-28","2012-1-1"
"3","Project bhaaa","Lorem ipsum dolor sit amet, consectetuer adipiscing elit. Maecenas porttitor congue massa. Fusce posuere, magna sed pulvinar ultricies, purus lectus malesuada libero, sit amet commodo magna eros quis urna.Nunc viverra imperdiet enim. Fusce est. Vivamus a tellus.","1","5","2363","2015-4-13","2016-7-20"
"3","Project chaaa","Lorem ipsum dolor sit amet, consectetuer adipiscing elit. Maecenas porttitor congue massa. Fusce posuere, magna sed pulvinar ultricies, purus lectus malesuada libero, sit amet commodo magna eros quis urna.Nunc viverra imperdiet enim. Fusce est. Vivamus a tellus.","1","2","1795","2000-10-4","2015-4-16"
"3","Project dhaaa","Lorem ipsum dolor sit amet, consectetuer adipiscing elit. Maecenas porttitor congue massa. Fusce posuere, magna sed pulvinar ultricies, purus lectus malesuada libero, sit amet commodo magna eros quis urna.Nunc viverra imperdiet enim. Fusce est. Vivamus a tellus.","1","3","1053","2000-8-15","2008-3-6"
"3","Project ehaaa","Lorem ipsum dolor sit amet, consectetuer adipiscing elit. Maecenas porttitor congue massa. Fusce posuere, magna sed pulvinar ultricies, purus lectus malesuada libero, sit amet commodo magna eros quis urna.Nunc viverra imperdiet enim. Fusce est. Vivamus a tellus.","0","1","2879","2000-4-15","2010-7-26"
"3","Project fhaaa","Lorem ipsum dolor sit amet, consectetuer adipiscing elit. Maecenas porttitor congue massa. Fusce posuere, magna sed pulvinar ultricies, purus lectus malesuada libero, sit amet commodo magna eros quis urna.Nunc viverra imperdiet enim. Fusce est. Vivamus a tellus.","1","1","2194","2000-4-11","2007-7-3"
"3","Project ghaaa","Lorem ipsum dolor sit amet, consectetuer adipiscing elit. Maecenas porttitor congue massa. Fusce posuere, magna sed pulvinar ultricies, purus lectus malesuada libero, sit amet commodo magna eros quis urna.Nunc viverra imperdiet enim. Fusce est. Vivamus a tellus.","0","2","2015","2000-4-18","2007-7-17"
"3","Project hhaaa","Lorem ipsum dolor sit amet, consectetuer adipiscing elit. Maecenas porttitor congue massa. Fusce posuere, magna sed pulvinar ultricies, purus lectus malesuada libero, sit amet commodo magna eros quis urna.Nunc viverra imperdiet enim. Fusce est. Vivamus a tellus.","0","3","1469","2000-5-20","2014-3-18"
"3","Project ihaaa","Lorem ipsum dolor sit amet, consectetuer adipiscing elit. Maecenas porttitor congue massa. Fusce posuere, magna sed pulvinar ultricies, purus lectus malesuada libero, sit amet commodo magna eros quis urna.Nunc viverra imperdiet enim. Fusce est. Vivamus a tellus.","1","4","1123","2000-4-20","2013-7-13"
"3","Project jhaaa","Lorem ipsum dolor sit amet, consectetuer adipiscing elit. Maecenas porttitor congue massa. Fusce posuere, magna sed pulvinar ultricies, purus lectus malesuada libero, sit amet commodo magna eros quis urna.Nunc viverra imperdiet enim. Fusce est. Vivamus a tellus.","1","4","2689","2000-4-24","2013-7-13"
"3","Project khaaa","Lorem ipsum dolor sit amet, consectetuer adipiscing elit. Maecenas porttitor congue massa. Fusce posuere, magna sed pulvinar ultricies, purus lectus malesuada libero, sit amet commodo magna eros quis urna.Nunc viverra imperdiet enim. Fusce est. Vivamus a tellus.","0","5","2213","2013-10-2","2014-9-16"
"3","Project lhaaa","Lorem ipsum dolor sit amet, consectetuer adipiscing elit. Maecenas porttitor congue massa. Fusce posuere, magna sed pulvinar ultricies, purus lectus malesuada libero, sit amet commodo magna eros quis urna.Nunc viverra imperdiet enim. Fusce est. Vivamus a tellus.","0","1","1741","2000-7-17","2017-3-7"
"3","Project mhaaa","Lorem ipsum dolor sit amet, consectetuer adipiscing elit. Maecenas porttitor congue massa. Fusce posuere, magna sed pulvinar ultricies, purus lectus malesuada libero, sit amet commodo magna eros quis urna.Nunc viverra imperdiet enim. Fusce est. Vivamus a tellus.","0","1","2028","2000-4-23","2013-7-26"
"3","Project nhaaa","Lorem ipsum dolor sit amet, consectetuer adipiscing elit. Maecenas porttitor congue massa. Fusce posuere, magna sed pulvinar ultricies, purus lectus malesuada libero, sit amet commodo magna eros quis urna.Nunc viverra imperdiet enim. Fusce est. Vivamus a tellus.","0","3","2790","2000-2-14","2010-1-2"
"3","Project ohaaa","Lorem ipsum dolor sit amet, consectetuer adipiscing elit. Maecenas porttitor congue massa. Fusce posuere, magna sed pulvinar ultricies, purus lectus malesuada libero, sit amet commodo magna eros quis urna.Nunc viverra imperdiet enim. Fusce est. Vivamus a tellus.","1","2","1480","2000-4-10","2010-7-20"
"3","Project phaaa","Lorem ipsum dolor sit amet, consectetuer adipiscing elit. Maecenas porttitor congue massa. Fusce posuere, magna sed pulvinar ultricies, purus lectus malesuada libero, sit amet commodo magna eros quis urna.Nunc viverra imperdiet enim. Fusce est. Vivamus a tellus.","1","1","1939","2000-10-19","2003-4-19"
"3","Project qhaaa","Lorem ipsum dolor sit amet, consectetuer adipiscing elit. Maecenas porttitor congue massa. Fusce posuere, magna sed pulvinar ultricies, purus lectus malesuada libero, sit amet commodo magna eros quis urna.Nunc viverra imperdiet enim. Fusce est. Vivamus a tellus.","1","2","1908","2000-7-12","2007-5-3"
"3","Project rhaaa","Lorem ipsum dolor sit amet, consectetuer adipiscing elit. Maecenas porttitor congue massa. Fusce posuere, magna sed pulvinar ultricies, purus lectus malesuada libero, sit amet commodo magna eros quis urna.Nunc viverra imperdiet enim. Fusce est. Vivamus a tellus.","0","1","2543","2000-12-18","2013-1-11"
