"1","514","Marketing"
"1","4760","Cleaner"
"1","3334","Electrician"
"1","2408","Designer"
"1","180","Marketing"
"2","1650","Electrician"
"2","3273","Designer"
"2","2309","Electrician"
"2","2261","Marketing"
"2","4144","Cleaner"
"2","102","Programer"
"3","1577","Designer"
"3","2953","Programer"
"3","4610","Cleaner"
"3","484","Marketing"
"3","689","Cleaner"
"3","2969","Electrician"
"3","1908","Designer"
"4","2984","Designer"
"4","111","Cleaner"
"4","1807","Designer"
"4","3436","Electrician"
"4","4818","Electrician"
"4","910","Cleaner"
"5","3206","Cleaner"
"6","4087","Electrician"
"6","3367","Programer"
"6","4638","Cleaner"
"6","4136","Marketing"
"6","331","Programer"
"6","79","Programer"
"7","4443","Electrician"
"8","4525","Programer"
"8","1823","Electrician"
"8","3475","Marketing"
"8","744","Programer"
"8","4318","Designer"
"8","1351","Designer"
"8","845","Designer"
"9","1433","Programer"
"9","1179","Electrician"
"9","1444","Cleaner"
"9","2643","Cleaner"
"9","1414","Electrician"
"9","3775","Marketing"
"9","1272","Programer"
"9","33","Electrician"
"9","1627","Electrician"
"9","1910","Designer"
"10","647","Programer"
"10","250","Designer"
"10","116","Electrician"
"10","607","Cleaner"
"10","1841","Designer"
"10","2171","Designer"
"10","3590","Marketing"
"10","2676","Marketing"
"11","3004","Designer"
"11","2412","Programer"
"11","4865","Programer"
"11","4747","Programer"
"11","486","Cleaner"
"11","3915","Marketing"
"11","2129","Designer"
"11","4545","Cleaner"
"12","775","Cleaner"
"12","4863","Electrician"
"12","2284","Electrician"
"12","1818","Cleaner"
"13","3557","Programer"
"13","135","Programer"
"13","2918","Cleaner"
"13","3743","Electrician"
"13","626","Designer"
"13","4981","Designer"
"14","520","Programer"
"14","2180","Marketing"
"14","4264","Cleaner"
"14","3066","Designer"
"14","1039","Electrician"
"14","1845","Designer"
"15","797","Cleaner"
"15","4718","Electrician"
"15","3632","Marketing"
"15","4868","Electrician"
"15","3609","Marketing"
"15","1036","Designer"
"15","2121","Marketing"
"15","2594","Marketing"
"15","4604","Electrician"
"15","2936","Marketing"
"16","1843","Electrician"
"16","4888","Designer"
"16","3973","Designer"
"16","4566","Designer"
"16","44","Marketing"
"16","4368","Marketing"
"16","533","Designer"
"16","3505","Designer"
"16","544","Designer"
"16","1437","Cleaner"
"17","4977","Marketing"
"17","540","Electrician"
"17","1624","Electrician"
"17","75","Marketing"
"17","1022","Programer"
"17","1968","Programer"
"17","3299","Designer"
"17","605","Cleaner"
"17","2567","Designer"
"17","3515","Designer"
"18","2424","Cleaner"
"18","1673","Electrician"
"18","3459","Electrician"
"18","1857","Electrician"
"18","2334","Programer"
"18","3754","Programer"
"18","1090","Cleaner"
"18","1210","Marketing"
"19","74","Programer"
"19","4202","Cleaner"
"19","2741","Programer"
"20","1800","Electrician"
"21","4560","Designer"
"21","4402","Programer"
"21","4573","Programer"
"21","2170","Cleaner"
"21","4445","Electrician"
"21","103","Programer"
"21","4147","Cleaner"
"21","4874","Cleaner"
"21","3609","Designer"
"22","4795","Marketing"
"22","711","Programer"
"22","3312","Electrician"
"22","4954","Programer"
"22","2485","Cleaner"
"23","332","Designer"
"23","1313","Designer"
"24","4171","Marketing"
"24","2861","Designer"
"25","1489","Marketing"
"25","2080","Marketing"
"25","4035","Marketing"
"26","2593","Programer"
"26","771","Cleaner"
"27","1766","Designer"
"27","3218","Cleaner"
"28","1269","Cleaner"
"28","1109","Electrician"
"28","1049","Electrician"
"28","4375","Marketing"
"28","3362","Cleaner"
"28","2402","Marketing"
"28","679","Cleaner"
"29","3756","Electrician"
"29","766","Marketing"
"29","241","Cleaner"
"29","4125","Electrician"
"30","3019","Cleaner"
"30","4347","Marketing"
"31","3886","Cleaner"
"31","3400","Programer"
"31","1594","Programer"
"31","4367","Programer"
"31","2570","Electrician"
"31","4287","Electrician"
"31","1233","Marketing"
"31","3352","Electrician"
"32","329","Electrician"
"32","3683","Marketing"
"32","2221","Programer"
"32","3625","Cleaner"
"32","4689","Cleaner"
"32","500","Designer"
"33","2501","Cleaner"
"33","2094","Electrician"
"33","1610","Electrician"
"33","4546","Electrician"
"33","1121","Designer"
"34","4016","Cleaner"
"34","545","Marketing"
"35","309","Electrician"
"35","3978","Electrician"
"35","1301","Marketing"
"35","174","Programer"
"35","417","Marketing"
"35","3948","Designer"
"36","3935","Designer"
"36","582","Cleaner"
"36","529","Programer"
"36","3952","Electrician"
"37","1751","Designer"
"37","171","Electrician"
"37","1406","Cleaner"
"37","4271","Marketing"
"37","3294","Programer"
"37","3702","Electrician"
"37","2077","Designer"
"37","4145","Electrician"
"38","4264","Cleaner"
"38","647","Designer"
"38","347","Electrician"
"38","3347","Cleaner"
"38","2813","Marketing"
"39","3499","Designer"
"39","53","Cleaner"
"39","1207","Marketing"
"39","1493","Designer"
"39","293","Electrician"
"39","2112","Electrician"
"39","3790","Electrician"
"39","2888","Marketing"
"40","4103","Marketing"
"40","2321","Designer"
"40","2824","Programer"
"40","2119","Programer"
"40","63","Cleaner"
"41","459","Programer"
"41","4275","Electrician"
"41","4290","Marketing"
"41","1583","Marketing"
"41","4771","Marketing"
"41","3138","Cleaner"
"41","2143","Electrician"
"41","1572","Marketing"
"42","4193","Programer"
"42","1621","Cleaner"
"43","1228","Marketing"
"43","3640","Cleaner"
"43","1381","Programer"
"43","4654","Designer"
"44","1745","Programer"
"44","4787","Marketing"
"44","324","Designer"
"44","2564","Electrician"
"44","1541","Electrician"
"44","2532","Designer"
"44","3262","Designer"
"44","2032","Electrician"
"44","2739","Electrician"
"45","2254","Cleaner"
"46","44","Cleaner"
"47","3373","Cleaner"
"47","2800","Marketing"
"47","4390","Marketing"
"47","723","Marketing"
"47","3476","Programer"
"47","500","Electrician"
"47","2016","Designer"
"47","4240","Programer"
"48","1885","Electrician"
"48","4019","Electrician"
"48","3497","Designer"
"48","943","Designer"
"48","3179","Designer"
"48","2079","Marketing"
"48","559","Marketing"
"48","4172","Designer"
"49","78","Designer"
"49","3476","Cleaner"
"49","4244","Cleaner"
"49","1765","Marketing"
"49","876","Marketing"
"49","3007","Electrician"
"49","4866","Programer"
"49","3594","Marketing"
"49","145","Marketing"
"50","1748","Designer"
"50","696","Programer"
"50","1594","Designer"
"50","474","Programer"
"50","3874","Cleaner"
"50","2738","Marketing"
"50","4531","Programer"
"50","2346","Cleaner"
