"1","4468","Electrician","2017-4-800:00:00","2017-4-8","2017-7-9","9"
"1","4657","Programer","2017-4-800:00:00","2017-4-8","2017-7-9","8"
"1","4003","Marketing","2017-4-800:00:00","2017-4-8","2017-7-9","9"
"1","581","Cleaner","2017-4-800:00:00","2017-4-8","2017-7-9","4"
"2","2897","Programer","2017-2-1700:00:00","2017-2-17","2017-1-6","7"
"2","4377","Marketing","2017-2-1700:00:00","2017-2-17","2017-1-6","2"
"3","4396","Electrician","2017-7-2000:00:00","2017-7-20","2017-1-22","4"
"4","1505","Designer","2017-8-1600:00:00","2017-8-16","2017-4-3","2"
"4","3344","Marketing","2017-8-1600:00:00","2017-8-16","2017-4-3","9"
"4","185","Programer","2017-8-1600:00:00","2017-8-16","2017-4-3","6"
"4","3853","Designer","2017-8-1600:00:00","2017-8-16","2017-4-3","4"
"4","240","Marketing","2017-8-1600:00:00","2017-8-16","2017-4-3","10"
"5","4863","Electrician","2017-4-2200:00:00","2017-4-22","2017-7-19","5"
"5","1292","Cleaner","2017-4-2200:00:00","2017-4-22","2017-7-19","1"
"6","849","Designer","2017-4-1700:00:00","2017-4-17","2017-7-9","8"
"6","355","Electrician","2017-4-1700:00:00","2017-4-17","2017-7-9","10"
"6","4801","Programer","2017-4-1700:00:00","2017-4-17","2017-7-9","2"
"6","378","Cleaner","2017-4-1700:00:00","2017-4-17","2017-7-9","6"
"6","2751","Marketing","2017-4-1700:00:00","2017-4-17","2017-7-9","6"
"7","3987","Cleaner","2017-11-2600:00:00","2017-11-26","2017-6-26","6"
"8","2716","Cleaner","2017-4-1300:00:00","2017-4-13","2017-7-27","10"
"8","4569","Programer","2017-4-1300:00:00","2017-4-13","2017-7-27","2"
"8","3464","Programer","2017-4-1300:00:00","2017-4-13","2017-7-27","7"
"8","4047","Marketing","2017-4-1300:00:00","2017-4-13","2017-7-27","5"
"8","1071","Cleaner","2017-4-1300:00:00","2017-4-13","2017-7-27","9"
"8","2057","Designer","2017-4-1300:00:00","2017-4-13","2017-7-27","4"
"8","4469","Programer","2017-4-1300:00:00","2017-4-13","2017-7-27","2"
"8","137","Cleaner","2017-4-1300:00:00","2017-4-13","2017-7-27","4"
"8","3296","Designer","2017-4-1300:00:00","2017-4-13","2017-7-27","8"
"9","2516","Marketing","2017-12-2400:00:00","2017-12-24","2017-4-28","8"
"9","2489","Marketing","2017-12-2400:00:00","2017-12-24","2017-4-28","2"
"9","4702","Marketing","2017-12-2400:00:00","2017-12-24","2017-4-28","7"
"9","99","Electrician","2017-12-2400:00:00","2017-12-24","2017-4-28","8"
"9","2033","Electrician","2017-12-2400:00:00","2017-12-24","2017-4-28","9"
"9","1625","Programer","2017-12-2400:00:00","2017-12-24","2017-4-28","9"
"9","4791","Programer","2017-12-2400:00:00","2017-12-24","2017-4-28","4"
"9","1319","Programer","2017-12-2400:00:00","2017-12-24","2017-4-28","2"
"9","2492","Marketing","2017-12-2400:00:00","2017-12-24","2017-4-28","2"
"10","4573","Marketing","2017-12-1700:00:00","2017-12-17","2017-5-21","1"
"10","2984","Electrician","2017-12-1700:00:00","2017-12-17","2017-5-21","4"
"10","3779","Cleaner","2017-12-1700:00:00","2017-12-17","2017-5-21","5"
"11","411","Cleaner","2017-4-2700:00:00","2017-4-27","2017-7-1","6"
"11","3974","Programer","2017-4-2700:00:00","2017-4-27","2017-7-1","10"
"11","3973","Electrician","2017-4-2700:00:00","2017-4-27","2017-7-1","1"
"11","2942","Cleaner","2017-4-2700:00:00","2017-4-27","2017-7-1","8"
"11","4639","Designer","2017-4-2700:00:00","2017-4-27","2017-7-1","10"
"12","39","Marketing","2017-7-500:00:00","2017-7-5","2017-3-12","3"
"12","1804","Programer","2017-7-500:00:00","2017-7-5","2017-3-12","1"
"12","3972","Electrician","2017-7-500:00:00","2017-7-5","2017-3-12","5"
"12","2509","Electrician","2017-7-500:00:00","2017-7-5","2017-3-12","7"
"12","2656","Cleaner","2017-7-500:00:00","2017-7-5","2017-3-12","8"
"12","4515","Designer","2017-7-500:00:00","2017-7-5","2017-3-12","9"
"12","4020","Marketing","2017-7-500:00:00","2017-7-5","2017-3-12","7"
"12","4008","Designer","2017-7-500:00:00","2017-7-5","2017-3-12","3"
"12","4821","Designer","2017-7-500:00:00","2017-7-5","2017-3-12","7"
"13","1463","Electrician","2017-4-400:00:00","2017-4-4","2017-7-7","1"
"13","46","Designer","2017-4-400:00:00","2017-4-4","2017-7-7","9"
"13","4733","Designer","2017-4-400:00:00","2017-4-4","2017-7-7","8"
"13","3317","Marketing","2017-4-400:00:00","2017-4-4","2017-7-7","8"
"13","2390","Designer","2017-4-400:00:00","2017-4-4","2017-7-7","8"
"13","234","Designer","2017-4-400:00:00","2017-4-4","2017-7-7","7"
"14","3683","Designer","2017-7-2000:00:00","2017-7-20","2017-6-22","3"
"14","510","Programer","2017-7-2000:00:00","2017-7-20","2017-6-22","3"
"14","3073","Marketing","2017-7-2000:00:00","2017-7-20","2017-6-22","3"
"14","4628","Designer","2017-7-2000:00:00","2017-7-20","2017-6-22","4"
"14","2245","Marketing","2017-7-2000:00:00","2017-7-20","2017-6-22","6"
"14","2142","Programer","2017-7-2000:00:00","2017-7-20","2017-6-22","1"
"14","1730","Marketing","2017-7-2000:00:00","2017-7-20","2017-6-22","10"
"14","3843","Designer","2017-7-2000:00:00","2017-7-20","2017-6-22","8"
"14","1093","Cleaner","2017-7-2000:00:00","2017-7-20","2017-6-22","7"
"14","3613","Designer","2017-7-2000:00:00","2017-7-20","2017-6-22","10"
"15","142","Cleaner","2017-4-700:00:00","2017-4-7","2017-7-15","5"
"16","752","Designer","2017-4-2400:00:00","2017-4-24","2017-7-3","2"
"16","3302","Programer","2017-4-2400:00:00","2017-4-24","2017-7-3","3"
"17","4974","Designer","2017-3-2300:00:00","2017-3-23","2017-1-4","9"
"17","62","Designer","2017-3-2300:00:00","2017-3-23","2017-1-4","2"
"17","1660","Marketing","2017-3-2300:00:00","2017-3-23","2017-1-4","3"
"18","3166","Programer","2017-5-2400:00:00","2017-5-24","2017-3-13","6"
"18","3732","Marketing","2017-5-2400:00:00","2017-5-24","2017-3-13","3"
"18","1648","Designer","2017-5-2400:00:00","2017-5-24","2017-3-13","2"
"19","643","Cleaner","2017-4-2200:00:00","2017-4-22","2017-7-20","1"
"19","4574","Electrician","2017-4-2200:00:00","2017-4-22","2017-7-20","8"
"19","113","Programer","2017-4-2200:00:00","2017-4-22","2017-7-20","6"
"19","1453","Electrician","2017-4-2200:00:00","2017-4-22","2017-7-20","3"
"19","1700","Programer","2017-4-2200:00:00","2017-4-22","2017-7-20","10"
"19","200","Programer","2017-4-2200:00:00","2017-4-22","2017-7-20","2"
"19","1890","Designer","2017-4-2200:00:00","2017-4-22","2017-7-20","6"
"19","2095","Marketing","2017-4-2200:00:00","2017-4-22","2017-7-20","8"
"20","3266","Electrician","2017-9-2600:00:00","2017-9-26","2017-3-3","1"
"20","1444","Electrician","2017-9-2600:00:00","2017-9-26","2017-3-3","1"
"20","2534","Designer","2017-9-2600:00:00","2017-9-26","2017-3-3","7"
"20","1385","Electrician","2017-9-2600:00:00","2017-9-26","2017-3-3","9"
"20","4749","Designer","2017-9-2600:00:00","2017-9-26","2017-3-3","4"
"20","1719","Programer","2017-9-2600:00:00","2017-9-26","2017-3-3","4"
"21","4205","Cleaner","2017-7-2000:00:00","2017-7-20","2017-6-13","6"
"21","803","Designer","2017-7-2000:00:00","2017-7-20","2017-6-13","9"
"21","977","Marketing","2017-7-2000:00:00","2017-7-20","2017-6-13","2"
"21","4048","Cleaner","2017-7-2000:00:00","2017-7-20","2017-6-13","1"
"21","2781","Cleaner","2017-7-2000:00:00","2017-7-20","2017-6-13","3"
"21","3640","Marketing","2017-7-2000:00:00","2017-7-20","2017-6-13","10"
"22","3489","Cleaner","2017-10-2300:00:00","2017-10-23","2017-9-17","9"
"22","120","Cleaner","2017-10-2300:00:00","2017-10-23","2017-9-17","2"
"22","1792","Marketing","2017-10-2300:00:00","2017-10-23","2017-9-17","7"
"22","2958","Designer","2017-10-2300:00:00","2017-10-23","2017-9-17","8"
"22","1396","Electrician","2017-10-2300:00:00","2017-10-23","2017-9-17","7"
"22","2294","Programer","2017-10-2300:00:00","2017-10-23","2017-9-17","7"
"22","2954","Marketing","2017-10-2300:00:00","2017-10-23","2017-9-17","5"
"23","1961","Marketing","2017-3-1700:00:00","2017-3-17","2017-1-10","4"
"23","2517","Marketing","2017-3-1700:00:00","2017-3-17","2017-1-10","8"
"24","4196","Cleaner","2017-4-1500:00:00","2017-4-15","2017-7-22","8"
"24","734","Marketing","2017-4-1500:00:00","2017-4-15","2017-7-22","5"
"24","516","Designer","2017-4-1500:00:00","2017-4-15","2017-7-22","3"
"25","3336","Programer","2017-4-700:00:00","2017-4-7","2017-7-11","2"
"25","3817","Marketing","2017-4-700:00:00","2017-4-7","2017-7-11","8"
"26","3439","Electrician","2017-4-700:00:00","2017-4-7","2017-7-6","3"
"26","1405","Programer","2017-4-700:00:00","2017-4-7","2017-7-6","1"
"26","2688","Designer","2017-4-700:00:00","2017-4-7","2017-7-6","10"
"26","3556","Electrician","2017-4-700:00:00","2017-4-7","2017-7-6","3"
"26","268","Marketing","2017-4-700:00:00","2017-4-7","2017-7-6","10"
"26","188","Designer","2017-4-700:00:00","2017-4-7","2017-7-6","9"
"26","3494","Designer","2017-4-700:00:00","2017-4-7","2017-7-6","7"
"26","978","Programer","2017-4-700:00:00","2017-4-7","2017-7-6","2"
"27","365","Designer","2017-4-1700:00:00","2017-4-17","2017-7-28","2"
"27","1240","Designer","2017-4-1700:00:00","2017-4-17","2017-7-28","2"
"27","933","Electrician","2017-4-1700:00:00","2017-4-17","2017-7-28","8"
"27","3892","Designer","2017-4-1700:00:00","2017-4-17","2017-7-28","6"
"27","2418","Designer","2017-4-1700:00:00","2017-4-17","2017-7-28","3"
"27","4710","Designer","2017-4-1700:00:00","2017-4-17","2017-7-28","8"
"27","3408","Programer","2017-4-1700:00:00","2017-4-17","2017-7-28","9"
"27","3496","Marketing","2017-4-1700:00:00","2017-4-17","2017-7-28","9"
"27","4931","Electrician","2017-4-1700:00:00","2017-4-17","2017-7-28","5"
"27","390","Electrician","2017-4-1700:00:00","2017-4-17","2017-7-28","7"
"28","1156","Programer","2017-8-2500:00:00","2017-8-25","2017-6-7","7"
"28","4193","Cleaner","2017-8-2500:00:00","2017-8-25","2017-6-7","4"
"28","4314","Designer","2017-8-2500:00:00","2017-8-25","2017-6-7","4"
"28","1908","Programer","2017-8-2500:00:00","2017-8-25","2017-6-7","1"
"28","226","Designer","2017-8-2500:00:00","2017-8-25","2017-6-7","8"
"28","1350","Marketing","2017-8-2500:00:00","2017-8-25","2017-6-7","1"
"28","1765","Programer","2017-8-2500:00:00","2017-8-25","2017-6-7","9"
"28","2984","Marketing","2017-8-2500:00:00","2017-8-25","2017-6-7","4"
"28","268","Programer","2017-8-2500:00:00","2017-8-25","2017-6-7","10"
"28","4765","Programer","2017-8-2500:00:00","2017-8-25","2017-6-7","1"
"29","2647","Electrician","2017-4-1400:00:00","2017-4-14","2017-7-17","2"
"29","4475","Programer","2017-4-1400:00:00","2017-4-14","2017-7-17","8"
"29","3993","Designer","2017-4-1400:00:00","2017-4-14","2017-7-17","1"
"29","418","Cleaner","2017-4-1400:00:00","2017-4-14","2017-7-17","2"
"29","2190","Cleaner","2017-4-1400:00:00","2017-4-14","2017-7-17","2"
"29","399","Designer","2017-4-1400:00:00","2017-4-14","2017-7-17","4"
"29","4588","Designer","2017-4-1400:00:00","2017-4-14","2017-7-17","3"
"29","864","Marketing","2017-4-1400:00:00","2017-4-14","2017-7-17","3"
"30","199","Electrician","2017-4-2700:00:00","2017-4-27","2017-7-28","3"
"30","4545","Programer","2017-4-2700:00:00","2017-4-27","2017-7-28","1"
"31","239","Marketing","2017-11-1100:00:00","2017-11-11","2017-4-22","9"
"31","2210","Electrician","2017-11-1100:00:00","2017-11-11","2017-4-22","8"
"31","3677","Programer","2017-11-1100:00:00","2017-11-11","2017-4-22","1"
"31","1549","Marketing","2017-11-1100:00:00","2017-11-11","2017-4-22","8"
"31","4829","Cleaner","2017-11-1100:00:00","2017-11-11","2017-4-22","8"
"31","4582","Marketing","2017-11-1100:00:00","2017-11-11","2017-4-22","7"
"31","4993","Programer","2017-11-1100:00:00","2017-11-11","2017-4-22","5"
"32","3630","Designer","2017-12-1200:00:00","2017-12-12","2017-5-1","2"
"32","1108","Programer","2017-12-1200:00:00","2017-12-12","2017-5-1","3"
"32","1862","Marketing","2017-12-1200:00:00","2017-12-12","2017-5-1","5"
"32","3699","Designer","2017-12-1200:00:00","2017-12-12","2017-5-1","5"
"33","505","Designer","2017-11-2000:00:00","2017-11-20","2017-5-27","9"
"33","3673","Cleaner","2017-11-2000:00:00","2017-11-20","2017-5-27","2"
"34","3741","Programer","2017-12-800:00:00","2017-12-8","2017-3-19","7"
"34","647","Marketing","2017-12-800:00:00","2017-12-8","2017-3-19","4"
"34","196","Designer","2017-12-800:00:00","2017-12-8","2017-3-19","1"
"34","1566","Cleaner","2017-12-800:00:00","2017-12-8","2017-3-19","9"
"34","3539","Programer","2017-12-800:00:00","2017-12-8","2017-3-19","2"
"34","1003","Designer","2017-12-800:00:00","2017-12-8","2017-3-19","8"
"34","4769","Cleaner","2017-12-800:00:00","2017-12-8","2017-3-19","10"
"34","639","Cleaner","2017-12-800:00:00","2017-12-8","2017-3-19","6"
"35","4453","Designer","2017-4-2300:00:00","2017-4-23","2017-7-26","6"
"35","2997","Programer","2017-4-2300:00:00","2017-4-23","2017-7-26","10"
"35","4849","Cleaner","2017-4-2300:00:00","2017-4-23","2017-7-26","6"
"35","4506","Designer","2017-4-2300:00:00","2017-4-23","2017-7-26","6"
"35","1348","Cleaner","2017-4-2300:00:00","2017-4-23","2017-7-26","5"
"35","2481","Designer","2017-4-2300:00:00","2017-4-23","2017-7-26","10"
"35","1663","Programer","2017-4-2300:00:00","2017-4-23","2017-7-26","1"
"35","2732","Cleaner","2017-4-2300:00:00","2017-4-23","2017-7-26","8"
"35","2352","Designer","2017-4-2300:00:00","2017-4-23","2017-7-26","9"
"36","791","Marketing","2017-4-2400:00:00","2017-4-24","2017-7-28","5"
"36","4370","Electrician","2017-4-2400:00:00","2017-4-24","2017-7-28","10"
"36","960","Programer","2017-4-2400:00:00","2017-4-24","2017-7-28","8"
"36","2464","Designer","2017-4-2400:00:00","2017-4-24","2017-7-28","4"
"37","4635","Marketing","2017-4-1800:00:00","2017-4-18","2017-7-14","5"
"37","4749","Marketing","2017-4-1800:00:00","2017-4-18","2017-7-14","4"
"37","1458","Designer","2017-4-1800:00:00","2017-4-18","2017-7-14","5"
"37","993","Designer","2017-4-1800:00:00","2017-4-18","2017-7-14","2"
"37","1198","Electrician","2017-4-1800:00:00","2017-4-18","2017-7-14","3"
"37","4255","Marketing","2017-4-1800:00:00","2017-4-18","2017-7-14","7"
"38","2058","Marketing","2017-4-200:00:00","2017-4-2","2017-7-11","7"
"38","2049","Programer","2017-4-200:00:00","2017-4-2","2017-7-11","4"
"39","2282","Electrician","2017-7-1400:00:00","2017-7-14","2017-6-4","1"
"39","2019","Programer","2017-7-1400:00:00","2017-7-14","2017-6-4","10"
"39","724","Designer","2017-7-1400:00:00","2017-7-14","2017-6-4","7"
"39","3110","Programer","2017-7-1400:00:00","2017-7-14","2017-6-4","3"
"39","2187","Programer","2017-7-1400:00:00","2017-7-14","2017-6-4","4"
"39","3187","Programer","2017-7-1400:00:00","2017-7-14","2017-6-4","3"
"40","4460","Marketing","2017-9-200:00:00","2017-9-2","2017-5-10","5"
"40","2936","Electrician","2017-9-200:00:00","2017-9-2","2017-5-10","10"
"40","3449","Cleaner","2017-9-200:00:00","2017-9-2","2017-5-10","6"
"40","1222","Cleaner","2017-9-200:00:00","2017-9-2","2017-5-10","10"
"41","4943","Electrician","2017-12-2100:00:00","2017-12-21","2017-3-25","10"
"41","1256","Cleaner","2017-12-2100:00:00","2017-12-21","2017-3-25","5"
"41","4186","Programer","2017-12-2100:00:00","2017-12-21","2017-3-25","7"
"41","3587","Programer","2017-12-2100:00:00","2017-12-21","2017-3-25","7"
"41","1069","Programer","2017-12-2100:00:00","2017-12-21","2017-3-25","1"
"42","4836","Marketing","2017-4-800:00:00","2017-4-8","2017-7-20","6"
"42","3692","Marketing","2017-4-800:00:00","2017-4-8","2017-7-20","3"
"42","4416","Designer","2017-4-800:00:00","2017-4-8","2017-7-20","8"
"42","1083","Cleaner","2017-4-800:00:00","2017-4-8","2017-7-20","2"
"42","552","Designer","2017-4-800:00:00","2017-4-8","2017-7-20","7"
"43","1864","Programer","2017-8-1700:00:00","2017-8-17","2017-6-28","2"
"43","1996","Cleaner","2017-8-1700:00:00","2017-8-17","2017-6-28","6"
"43","1085","Programer","2017-8-1700:00:00","2017-8-17","2017-6-28","3"
"44","3074","Programer","2017-4-1500:00:00","2017-4-15","2017-7-21","5"
"44","3138","Marketing","2017-4-1500:00:00","2017-4-15","2017-7-21","6"
"44","4885","Marketing","2017-4-1500:00:00","2017-4-15","2017-7-21","3"
"44","3032","Designer","2017-4-1500:00:00","2017-4-15","2017-7-21","10"
"44","113","Programer","2017-4-1500:00:00","2017-4-15","2017-7-21","6"
"44","2309","Electrician","2017-4-1500:00:00","2017-4-15","2017-7-21","8"
"44","2366","Electrician","2017-4-1500:00:00","2017-4-15","2017-7-21","7"
"44","4397","Marketing","2017-4-1500:00:00","2017-4-15","2017-7-21","5"
"44","1755","Electrician","2017-4-1500:00:00","2017-4-15","2017-7-21","5"
"45","2276","Marketing","2017-11-1200:00:00","2017-11-12","2017-9-24","1"
"45","4601","Cleaner","2017-11-1200:00:00","2017-11-12","2017-9-24","10"
"46","185","Marketing","2017-8-1700:00:00","2017-8-17","2017-1-21","6"
"46","1930","Cleaner","2017-8-1700:00:00","2017-8-17","2017-1-21","1"
"46","3875","Programer","2017-8-1700:00:00","2017-8-17","2017-1-21","1"
"46","2245","Programer","2017-8-1700:00:00","2017-8-17","2017-1-21","6"
"46","1489","Cleaner","2017-8-1700:00:00","2017-8-17","2017-1-21","4"
"46","2347","Cleaner","2017-8-1700:00:00","2017-8-17","2017-1-21","8"
"46","4851","Marketing","2017-8-1700:00:00","2017-8-17","2017-1-21","4"
"46","740","Programer","2017-8-1700:00:00","2017-8-17","2017-1-21","6"
"46","59","Electrician","2017-8-1700:00:00","2017-8-17","2017-1-21","10"
"47","3267","Designer","2017-4-1600:00:00","2017-4-16","2017-7-26","10"
"47","4812","Marketing","2017-4-1600:00:00","2017-4-16","2017-7-26","6"
"47","60","Programer","2017-4-1600:00:00","2017-4-16","2017-7-26","7"
"47","3840","Electrician","2017-4-1600:00:00","2017-4-16","2017-7-26","7"
"47","4813","Electrician","2017-4-1600:00:00","2017-4-16","2017-7-26","6"
"47","1493","Programer","2017-4-1600:00:00","2017-4-16","2017-7-26","8"
"47","4432","Programer","2017-4-1600:00:00","2017-4-16","2017-7-26","5"
"48","1926","Designer","2017-10-2200:00:00","2017-10-22","2017-2-2","6"
"48","3476","Programer","2017-10-2200:00:00","2017-10-22","2017-2-2","5"
"48","4031","Designer","2017-10-2200:00:00","2017-10-22","2017-2-2","1"
"48","1746","Electrician","2017-10-2200:00:00","2017-10-22","2017-2-2","1"
"48","4658","Designer","2017-10-2200:00:00","2017-10-22","2017-2-2","5"
"48","1538","Designer","2017-10-2200:00:00","2017-10-22","2017-2-2","2"
"48","631","Electrician","2017-10-2200:00:00","2017-10-22","2017-2-2","2"
"48","2847","Designer","2017-10-2200:00:00","2017-10-22","2017-2-2","2"
"48","1946","Designer","2017-10-2200:00:00","2017-10-22","2017-2-2","7"
"48","1451","Marketing","2017-10-2200:00:00","2017-10-22","2017-2-2","6"
"49","2346","Designer","2017-9-2700:00:00","2017-9-27","2017-6-17","8"
"49","1127","Electrician","2017-9-2700:00:00","2017-9-27","2017-6-17","10"
"49","1993","Programer","2017-9-2700:00:00","2017-9-27","2017-6-17","2"
"49","2705","Marketing","2017-9-2700:00:00","2017-9-27","2017-6-17","7"
"49","2164","Programer","2017-9-2700:00:00","2017-9-27","2017-6-17","8"
"49","3255","Electrician","2017-9-2700:00:00","2017-9-27","2017-6-17","7"
"50","3563","Electrician","2017-10-600:00:00","2017-10-6","2017-3-15","3"
"50","620","Programer","2017-10-600:00:00","2017-10-6","2017-3-15","3"
"50","769","Cleaner","2017-10-600:00:00","2017-10-6","2017-3-15","6"
